kön	månad	år	Döda
män	januari	1851	3245
män	januari	1852	3403
män	januari	1853	3559
män	januari	1854	2980
män	januari	1855	3244
män	januari	1856	3491
män	januari	1857	4249
män	januari	1858	4188
män	januari	1859	3507
män	januari	1860	2944
män	januari	1861	3599
män	januari	1862	4089
män	januari	1863	3867
män	januari	1864	4393
män	januari	1865	3651
män	januari	1866	3530
män	januari	1867	4189
män	januari	1868	3784
män	januari	1869	4548
män	januari	1870	3818
män	januari	1871	3621
män	januari	1872	3066
män	januari	1873	3170
män	januari	1874	3821
män	januari	1875	4788
män	januari	1876	4241
män	januari	1877	4336
män	januari	1878	3811
män	januari	1879	3561
män	januari	1880	3553
män	januari	1881	4404
män	januari	1882	3354
män	januari	1883	3672
män	januari	1884	3526
män	januari	1885	3976
män	januari	1886	3628
män	januari	1887	3584
män	januari	1888	3532
män	januari	1889	3341
män	januari	1890	5298
män	januari	1891	4038
män	januari	1892	5344
män	januari	1893	4098
män	januari	1894	5171
män	januari	1895	3553
män	januari	1896	3320
män	januari	1897	3782
män	januari	1898	3354
män	januari	1899	4027
män	januari	1900	3972
män	januari	1901	3584
män	januari	1902	3346
män	januari	1903	3688
män	januari	1904	3422
män	januari	1905	4255
män	januari	1906	3594
män	januari	1907	3652
män	januari	1908	3767
män	januari	1909	3492
män	januari	1910	3195
män	januari	1911	3498
män	januari	1912	3563
män	januari	1913	3564
män	januari	1914	3617
män	januari	1915	4848
män	januari	1916	3450
män	januari	1917	3820
män	januari	1918	3704
män	januari	1919	5309
män	januari	1920	3566
män	januari	1921	3567
män	januari	1922	3611
män	januari	1923	2965
män	januari	1924	3213
män	januari	1925	2969
män	januari	1926	3156
män	januari	1927	3342
män	januari	1928	3433
män	januari	1929	3533
män	januari	1930	2926
män	januari	1931	4295
män	januari	1932	3032
män	januari	1933	3168
män	januari	1934	3238
män	januari	1935	3544
män	januari	1936	3369
män	januari	1937	3410
män	januari	1938	3478
män	januari	1939	3328
män	januari	1940	3494
män	januari	1941	4266
män	januari	1942	3050
män	januari	1943	3027
män	januari	1944	3246
män	januari	1945	3433
män	januari	1946	3330
män	januari	1947	3504
män	januari	1948	3219
män	januari	1949	3144
män	januari	1950	3137
män	januari	1951	4005
män	januari	1952	3137
män	januari	1953	3315
män	januari	1954	3186
män	januari	1955	3174
män	januari	1956	3115
män	januari	1957	3337
män	januari	1958	3480
män	januari	1959	3458
män	januari	1960	3432
män	januari	1961	3553
män	januari	1962	3557
män	januari	1963	3793
män	januari	1964	3561
män	januari	1965	3732
män	januari	1966	3720
män	januari	1967	3744
män	januari	1968	4305
män	januari	1969	3972
män	januari	1970	4326
män	januari	1971	3811
män	januari	1972	4298
män	januari	1973	4285
män	januari	1974	4408
män	januari	1975	4184
män	januari	1976	4364
män	januari	1977	4350
män	januari	1978	4374
män	januari	1979	4701
män	januari	1980	4512
män	januari	1981	4718
män	januari	1982	4700
män	januari	1983	4311
män	januari	1984	4299
män	januari	1985	4879
män	januari	1986	4532
män	januari	1987	4779
män	januari	1988	4306
män	januari	1989	4754
män	januari	1990	4458
män	januari	1991	4576
män	januari	1992	4681
män	januari	1993	4360
män	januari	1994	4591
män	januari	1995	4230
män	januari	1996	4911
män	januari	1997	4577
män	januari	1998	4020
män	januari	1999	4192
män	januari	2000	4699
män	januari	2001	3981
män	januari	2002	4084
män	januari	2003	4484
män	januari	2004	4217
män	januari	2005	3966
män	januari	2006	4074
män	januari	2007	4083
män	januari	2008	4070
män	januari	2009	4462
män	januari	2010	4129
män	januari	2011	4155
män	januari	2012	4078
män	januari	2013	4236
män	januari	2014	3969
män	januari	2015	4076
män	januari	2016	4163
män	januari	2017	4407
män	januari	2018	4303
män	januari	2019	4199
män	februari	1851	3075
män	februari	1852	3624
män	februari	1853	4140
män	februari	1854	2625
män	februari	1855	3830
män	februari	1856	3429
män	februari	1857	3818
män	februari	1858	3502
män	februari	1859	3167
män	februari	1860	3048
män	februari	1861	3108
män	februari	1862	3613
män	februari	1863	3687
män	februari	1864	3547
män	februari	1865	3694
män	februari	1866	3332
män	februari	1867	3430
män	februari	1868	3535
män	februari	1869	4240
män	februari	1870	4187
män	februari	1871	3456
män	februari	1872	3027
män	februari	1873	3065
män	februari	1874	3845
män	februari	1875	4187
män	februari	1876	3751
män	februari	1877	3591
män	februari	1878	3373
män	februari	1879	3237
män	februari	1880	3627
män	februari	1881	3788
män	februari	1882	3329
män	februari	1883	3355
män	februari	1884	3432
män	februari	1885	3426
män	februari	1886	3140
män	februari	1887	3155
män	februari	1888	3383
män	februari	1889	3236
män	februari	1890	3605
män	februari	1891	3211
män	februari	1892	4590
män	februari	1893	3630
män	februari	1894	3525
män	februari	1895	3579
män	februari	1896	3164
män	februari	1897	3565
män	februari	1898	3124
män	februari	1899	4069
män	februari	1900	3795
män	februari	1901	3523
män	februari	1902	3294
män	februari	1903	3320
män	februari	1904	3493
män	februari	1905	3671
män	februari	1906	3047
män	februari	1907	3451
män	februari	1908	3832
män	februari	1909	3189
män	februari	1910	3227
män	februari	1911	3354
män	februari	1912	3479
män	februari	1913	3431
män	februari	1914	3039
män	februari	1915	3911
män	februari	1916	3241
män	februari	1917	3587
män	februari	1918	2901
män	februari	1919	4039
män	februari	1920	3641
män	februari	1921	3222
män	februari	1922	4219
män	februari	1923	2837
män	februari	1924	3055
män	februari	1925	2899
män	februari	1926	3187
män	februari	1927	4213
män	februari	1928	3055
män	februari	1929	3383
män	februari	1930	2938
män	februari	1931	3909
män	februari	1932	2779
män	februari	1933	2875
män	februari	1934	2862
män	februari	1935	3212
män	februari	1936	3198
män	februari	1937	3501
män	februari	1938	3039
män	februari	1939	2935
män	februari	1940	3652
män	februari	1941	3494
män	februari	1942	2831
män	februari	1943	2654
män	februari	1944	3048
män	februari	1945	3025
män	februari	1946	2882
män	februari	1947	3796
män	februari	1948	2833
män	februari	1949	2843
män	februari	1950	3039
män	februari	1951	2934
män	februari	1952	2864
män	februari	1953	3004
män	februari	1954	2952
män	februari	1955	2873
män	februari	1956	3133
män	februari	1957	2845
män	februari	1958	3106
män	februari	1959	2840
män	februari	1960	3488
män	februari	1961	2890
män	februari	1962	3167
män	februari	1963	3258
män	februari	1964	3323
män	februari	1965	3239
män	februari	1966	3527
män	februari	1967	3256
män	februari	1968	3863
män	februari	1969	3881
män	februari	1970	3319
män	februari	1971	3356
män	februari	1972	3568
män	februari	1973	3833
män	februari	1974	3704
män	februari	1975	4345
män	februari	1976	4257
män	februari	1977	3753
män	februari	1978	4187
män	februari	1979	3766
män	februari	1980	4160
män	februari	1981	4100
män	februari	1982	3690
män	februari	1983	4074
män	februari	1984	3901
män	februari	1985	4549
män	februari	1986	4253
män	februari	1987	3910
män	februari	1988	4015
män	februari	1989	3574
män	februari	1990	3838
män	februari	1991	3794
män	februari	1992	4269
män	februari	1993	3830
män	februari	1994	3727
män	februari	1995	3754
män	februari	1996	4096
män	februari	1997	4025
män	februari	1998	3943
män	februari	1999	4152
män	februari	2000	4003
män	februari	2001	3586
män	februari	2002	3627
män	februari	2003	3634
män	februari	2004	3492
män	februari	2005	3820
män	februari	2006	3628
män	februari	2007	3765
män	februari	2008	3587
män	februari	2009	3793
män	februari	2010	3547
män	februari	2011	3547
män	februari	2012	3989
män	februari	2013	3738
män	februari	2014	3596
män	februari	2015	3944
män	februari	2016	3776
män	februari	2017	3781
män	februari	2018	4023
män	februari	2019	3698
män	mars	1851	4424
män	mars	1852	4149
män	mars	1853	4406
män	mars	1854	3184
män	mars	1855	3788
män	mars	1856	3908
män	mars	1857	4084
män	mars	1858	4274
män	mars	1859	3929
män	mars	1860	3351
män	mars	1861	3442
män	mars	1862	4256
män	mars	1863	4099
män	mars	1864	3907
män	mars	1865	3648
män	mars	1866	3974
män	mars	1867	4390
män	mars	1868	3835
män	mars	1869	5447
män	mars	1870	4133
män	mars	1871	3109
män	mars	1872	3461
män	mars	1873	3379
män	mars	1874	4493
män	mars	1875	4504
män	mars	1876	3875
män	mars	1877	4122
män	mars	1878	3734
män	mars	1879	3523
män	mars	1880	3743
män	mars	1881	4035
män	mars	1882	3518
män	mars	1883	4112
män	mars	1884	3784
män	mars	1885	4003
män	mars	1886	3964
män	mars	1887	3649
män	mars	1888	3795
män	mars	1889	3432
män	mars	1890	4014
män	mars	1891	3799
män	mars	1892	4269
män	mars	1893	3721
män	mars	1894	3547
män	mars	1895	3449
män	mars	1896	3549
män	mars	1897	3723
män	mars	1898	3598
män	mars	1899	4805
män	mars	1900	4109
män	mars	1901	4139
män	mars	1902	3846
män	mars	1903	3869
män	mars	1904	3947
män	mars	1905	3887
män	mars	1906	3426
män	mars	1907	3736
män	mars	1908	3842
män	mars	1909	3620
män	mars	1910	3487
män	mars	1911	3465
män	mars	1912	3519
män	mars	1913	3817
män	mars	1914	3513
män	mars	1915	3939
män	mars	1916	3693
män	mars	1917	3952
män	mars	1918	3274
män	mars	1919	3821
män	mars	1920	4155
män	mars	1921	3541
män	mars	1922	3483
män	mars	1923	3065
män	mars	1924	3358
män	mars	1925	3080
män	mars	1926	3387
män	mars	1927	3952
män	mars	1928	3325
män	mars	1929	3680
män	mars	1930	3215
män	mars	1931	3520
män	mars	1932	3271
män	mars	1933	3300
män	mars	1934	3162
män	mars	1935	3252
män	mars	1936	3522
män	mars	1937	3691
män	mars	1938	3329
män	mars	1939	3426
män	mars	1940	3504
män	mars	1941	3072
män	mars	1942	3036
män	mars	1943	2995
män	mars	1944	3301
män	mars	1945	3401
män	mars	1946	3492
män	mars	1947	3711
män	mars	1948	2982
män	mars	1949	3234
män	mars	1950	3189
män	mars	1951	3124
män	mars	1952	2970
män	mars	1953	3072
män	mars	1954	3568
män	mars	1955	3195
män	mars	1956	3162
män	mars	1957	3362
män	mars	1958	3199
män	mars	1959	2999
män	mars	1960	3812
män	mars	1961	3242
män	mars	1962	3649
män	mars	1963	3905
män	mars	1964	3496
män	mars	1965	4166
män	mars	1966	3667
män	mars	1967	3681
män	mars	1968	3750
män	mars	1969	3895
män	mars	1970	3574
män	mars	1971	3677
män	mars	1972	3816
män	mars	1973	3719
män	mars	1974	4245
män	mars	1975	4384
män	mars	1976	5132
män	mars	1977	4183
män	mars	1978	4481
män	mars	1979	4314
män	mars	1980	4249
män	mars	1981	4548
män	mars	1982	4179
män	mars	1983	4865
män	mars	1984	4247
män	mars	1985	4485
män	mars	1986	4518
män	mars	1987	4323
män	mars	1988	4304
män	mars	1989	3963
män	mars	1990	4358
män	mars	1991	4107
män	mars	1992	4177
män	mars	1993	4490
män	mars	1994	3861
män	mars	1995	4060
män	mars	1996	3988
män	mars	1997	3934
män	mars	1998	4321
män	mars	1999	4353
män	mars	2000	3964
män	mars	2001	4009
män	mars	2002	4311
män	mars	2003	4048
män	mars	2004	3773
män	mars	2005	4554
män	mars	2006	3957
män	mars	2007	4072
män	mars	2008	4069
män	mars	2009	3830
män	mars	2010	3902
män	mars	2011	3860
män	mars	2012	4090
män	mars	2013	4024
män	mars	2014	3737
män	mars	2015	4165
män	mars	2016	3962
män	mars	2017	4006
män	mars	2018	4508
män	mars	2019	3833
män	april	1851	4083
män	april	1852	4323
män	april	1853	3852
män	april	1854	3464
män	april	1855	3350
män	april	1856	4170
män	april	1857	4055
män	april	1858	4119
män	april	1859	3826
män	april	1860	3278
män	april	1861	3530
män	april	1862	4342
män	april	1863	3675
män	april	1864	3804
män	april	1865	3663
män	april	1866	3821
män	april	1867	4164
män	april	1868	3926
män	april	1869	5062
män	april	1870	4089
män	april	1871	3342
män	april	1872	3272
män	april	1873	3444
män	april	1874	4180
män	april	1875	4215
män	april	1876	3879
män	april	1877	3822
män	april	1878	3790
män	april	1879	3750
män	april	1880	3904
män	april	1881	3837
män	april	1882	3638
män	april	1883	3939
män	april	1884	3918
män	april	1885	4176
män	april	1886	3495
män	april	1887	3459
män	april	1888	3259
män	april	1889	3391
män	april	1890	3484
män	april	1891	3965
män	april	1892	3699
män	april	1893	3534
män	april	1894	3296
män	april	1895	3561
män	april	1896	3528
män	april	1897	3541
män	april	1898	3463
män	april	1899	4283
män	april	1900	4684
män	april	1901	3925
män	april	1902	3784
män	april	1903	3748
män	april	1904	3589
män	april	1905	3767
män	april	1906	3432
män	april	1907	3660
män	april	1908	3423
män	april	1909	3344
män	april	1910	3894
män	april	1911	3544
män	april	1912	3705
män	april	1913	3551
män	april	1914	3449
män	april	1915	3768
män	april	1916	3728
män	april	1917	3527
män	april	1918	3129
män	april	1919	4040
män	april	1920	3721
män	april	1921	3390
män	april	1922	3219
män	april	1923	3042
män	april	1924	3267
män	april	1925	3175
män	april	1926	3205
män	april	1927	3137
män	april	1928	3201
män	april	1929	3373
män	april	1930	3056
män	april	1931	3144
män	april	1932	3252
män	april	1933	3019
män	april	1934	3113
män	april	1935	3139
män	april	1936	3423
män	april	1937	3282
män	april	1938	3317
män	april	1939	3659
män	april	1940	3152
män	april	1941	3134
män	april	1942	2851
män	april	1943	3031
män	april	1944	3155
män	april	1945	3024
män	april	1946	3056
män	april	1947	3010
män	april	1948	2841
män	april	1949	2987
män	april	1950	2800
män	april	1951	2998
män	april	1952	3022
män	april	1953	3133
män	april	1954	2993
män	april	1955	2995
män	april	1956	3061
män	april	1957	3291
män	april	1958	3138
män	april	1959	3200
män	april	1960	3156
män	april	1961	3080
män	april	1962	3481
män	april	1963	3412
män	april	1964	3442
män	april	1965	3616
män	april	1966	3503
män	april	1967	3629
män	april	1968	3474
män	april	1969	3703
män	april	1970	3435
män	april	1971	3609
män	april	1972	3740
män	april	1973	3694
män	april	1974	4175
män	april	1975	3879
män	april	1976	4084
män	april	1977	4239
män	april	1978	3833
män	april	1979	4205
män	april	1980	4053
män	april	1981	4032
män	april	1982	3970
män	april	1983	3970
män	april	1984	4229
män	april	1985	3835
män	april	1986	4222
män	april	1987	4027
män	april	1988	4302
män	april	1989	3894
män	april	1990	4161
män	april	1991	4161
män	april	1992	3949
män	april	1993	4004
män	april	1994	3755
män	april	1995	4097
män	april	1996	3696
män	april	1997	3797
män	april	1998	3978
män	april	1999	3643
män	april	2000	3602
män	april	2001	3835
män	april	2002	4001
män	april	2003	3797
män	april	2004	3554
män	april	2005	3882
män	april	2006	3673
män	april	2007	3723
män	april	2008	3727
män	april	2009	3482
män	april	2010	3623
män	april	2011	3683
män	april	2012	3701
män	april	2013	3859
män	april	2014	3417
män	april	2015	3785
män	april	2016	3675
män	april	2017	3770
män	april	2018	3825
män	april	2019	3607
män	maj	1851	3875
män	maj	1852	4151
män	maj	1853	3359
män	maj	1854	3205
män	maj	1855	3524
män	maj	1856	3983
män	maj	1857	4002
män	maj	1858	3680
män	maj	1859	3573
män	maj	1860	3095
män	maj	1861	3564
män	maj	1862	3701
män	maj	1863	3576
män	maj	1864	3821
män	maj	1865	3468
män	maj	1866	3837
män	maj	1867	4065
män	maj	1868	3944
män	maj	1869	4875
män	maj	1870	3820
män	maj	1871	3545
män	maj	1872	3040
män	maj	1873	3647
män	maj	1874	4666
män	maj	1875	4056
män	maj	1876	4031
män	maj	1877	4109
män	maj	1878	3848
män	maj	1879	3773
män	maj	1880	3854
män	maj	1881	3901
män	maj	1882	3531
män	maj	1883	3881
män	maj	1884	4074
män	maj	1885	3989
män	maj	1886	3603
män	maj	1887	3459
män	maj	1888	3333
män	maj	1889	3370
män	maj	1890	3532
män	maj	1891	3994
män	maj	1892	3606
män	maj	1893	3738
män	maj	1894	3240
män	maj	1895	3232
män	maj	1896	3496
män	maj	1897	3375
män	maj	1898	3610
män	maj	1899	4085
män	maj	1900	4595
män	maj	1901	3664
män	maj	1902	3894
män	maj	1903	3687
män	maj	1904	3474
män	maj	1905	3767
män	maj	1906	3398
män	maj	1907	3454
män	maj	1908	3612
män	maj	1909	3416
män	maj	1910	3551
män	maj	1911	3327
män	maj	1912	3679
män	maj	1913	3405
män	maj	1914	3392
män	maj	1915	3621
män	maj	1916	3480
män	maj	1917	3499
män	maj	1918	3182
män	maj	1919	3541
män	maj	1920	3474
män	maj	1921	3260
män	maj	1922	3101
män	maj	1923	2983
män	maj	1924	3262
män	maj	1925	3185
män	maj	1926	3217
män	maj	1927	3200
män	maj	1928	3163
män	maj	1929	3442
män	maj	1930	3129
män	maj	1931	3155
män	maj	1932	3246
män	maj	1933	3181
män	maj	1934	3086
män	maj	1935	3095
män	maj	1936	3199
män	maj	1937	3196
män	maj	1938	3447
män	maj	1939	3208
män	maj	1940	3078
män	maj	1941	3200
män	maj	1942	2770
män	maj	1943	2813
män	maj	1944	3193
män	maj	1945	3241
män	maj	1946	2986
män	maj	1947	2972
män	maj	1948	2893
män	maj	1949	3008
män	maj	1950	3035
män	maj	1951	2903
män	maj	1952	2952
män	maj	1953	3007
män	maj	1954	2942
män	maj	1955	3036
män	maj	1956	3204
män	maj	1957	3209
män	maj	1958	3114
män	maj	1959	3110
män	maj	1960	3154
män	maj	1961	3227
män	maj	1962	3449
män	maj	1963	3269
män	maj	1964	3303
män	maj	1965	3394
män	maj	1966	3429
män	maj	1967	3573
män	maj	1968	3534
män	maj	1969	3536
män	maj	1970	3590
män	maj	1971	3780
män	maj	1972	3739
män	maj	1973	3705
män	maj	1974	3981
män	maj	1975	3797
män	maj	1976	4033
män	maj	1977	4064
män	maj	1978	4037
män	maj	1979	4259
män	maj	1980	4085
män	maj	1981	4054
män	maj	1982	4251
män	maj	1983	3987
män	maj	1984	4068
män	maj	1985	4085
män	maj	1986	4063
män	maj	1987	4141
män	maj	1988	4101
män	maj	1989	3881
män	maj	1990	4086
män	maj	1991	4119
män	maj	1992	3807
män	maj	1993	3846
män	maj	1994	3761
män	maj	1995	3937
män	maj	1996	3732
män	maj	1997	3830
män	maj	1998	3673
män	maj	1999	3735
män	maj	2000	3696
män	maj	2001	3865
män	maj	2002	3617
män	maj	2003	3603
män	maj	2004	3533
män	maj	2005	3698
män	maj	2006	3494
män	maj	2007	3509
män	maj	2008	3514
män	maj	2009	3533
män	maj	2010	3459
män	maj	2011	3510
män	maj	2012	3618
män	maj	2013	3442
män	maj	2014	3620
män	maj	2015	3625
män	maj	2016	3520
män	maj	2017	3726
män	maj	2018	3506
män	maj	2019	3478
män	juni	1851	2931
män	juni	1852	2940
män	juni	1853	2792
män	juni	1854	2474
män	juni	1855	2776
män	juni	1856	3170
män	juni	1857	3342
män	juni	1858	2917
män	juni	1859	2601
män	juni	1860	2619
män	juni	1861	2697
män	juni	1862	3132
män	juni	1863	3103
män	juni	1864	3141
män	juni	1865	3094
män	juni	1866	3255
män	juni	1867	3416
män	juni	1868	3287
män	juni	1869	3981
män	juni	1870	3378
män	juni	1871	2955
män	juni	1872	2576
män	juni	1873	2965
män	juni	1874	3911
män	juni	1875	3315
män	juni	1876	3390
män	juni	1877	3357
män	juni	1878	3349
män	juni	1879	3029
män	juni	1880	3172
män	juni	1881	3237
män	juni	1882	3115
män	juni	1883	3198
män	juni	1884	3192
män	juni	1885	3517
män	juni	1886	3033
män	juni	1887	3099
män	juni	1888	3077
män	juni	1889	3079
män	juni	1890	2917
män	juni	1891	3487
män	juni	1892	2983
män	juni	1893	3116
män	juni	1894	3017
män	juni	1895	2965
män	juni	1896	3232
män	juni	1897	3129
män	juni	1898	3141
män	juni	1899	3584
män	juni	1900	3672
män	juni	1901	3237
män	juni	1902	3318
män	juni	1903	3221
män	juni	1904	3270
män	juni	1905	3303
män	juni	1906	3175
män	juni	1907	3118
män	juni	1908	3197
män	juni	1909	3258
män	juni	1910	3094
män	juni	1911	3197
män	juni	1912	3246
män	juni	1913	3067
män	juni	1914	3322
män	juni	1915	3224
män	juni	1916	3258
män	juni	1917	3025
män	juni	1918	2939
män	juni	1919	2835
män	juni	1920	3089
män	juni	1921	2915
män	juni	1922	2796
män	juni	1923	2811
män	juni	1924	2974
män	juni	1925	2930
män	juni	1926	2739
män	juni	1927	2933
män	juni	1928	3107
män	juni	1929	2938
män	juni	1930	3023
män	juni	1931	2950
män	juni	1932	2924
män	juni	1933	2777
män	juni	1934	2850
män	juni	1935	3143
män	juni	1936	3157
män	juni	1937	2874
män	juni	1938	3174
män	juni	1939	2983
män	juni	1940	2857
män	juni	1941	2882
män	juni	1942	2600
män	juni	1943	2559
män	juni	1944	2881
män	juni	1945	2911
män	juni	1946	2758
män	juni	1947	2893
män	juni	1948	2636
män	juni	1949	2806
män	juni	1950	2933
män	juni	1951	2763
män	juni	1952	2883
män	juni	1953	3016
män	juni	1954	2690
män	juni	1955	2865
män	juni	1956	2843
män	juni	1957	3076
män	juni	1958	2947
män	juni	1959	3140
män	juni	1960	3018
män	juni	1961	3123
män	juni	1962	3318
män	juni	1963	3181
män	juni	1964	3391
män	juni	1965	3243
män	juni	1966	3512
män	juni	1967	3489
män	juni	1968	3563
män	juni	1969	3689
män	juni	1970	3507
män	juni	1971	3666
män	juni	1972	3728
män	juni	1973	3937
män	juni	1974	3751
män	juni	1975	3883
män	juni	1976	3951
män	juni	1977	3919
män	juni	1978	3861
män	juni	1979	3979
män	juni	1980	3964
män	juni	1981	3878
män	juni	1982	3937
män	juni	1983	3920
män	juni	1984	3761
män	juni	1985	3906
män	juni	1986	3886
män	juni	1987	4013
män	juni	1988	3874
män	juni	1989	3965
män	juni	1990	3881
män	juni	1991	3903
män	juni	1992	3888
män	juni	1993	3677
män	juni	1994	3645
män	juni	1995	3817
män	juni	1996	3555
män	juni	1997	3641
män	juni	1998	3534
män	juni	1999	3406
män	juni	2000	3486
män	juni	2001	3569
män	juni	2002	3394
män	juni	2003	3336
män	juni	2004	3400
män	juni	2005	3456
män	juni	2006	3428
män	juni	2007	3359
män	juni	2008	3427
män	juni	2009	3327
män	juni	2010	3383
män	juni	2011	3257
män	juni	2012	3357
män	juni	2013	3352
män	juni	2014	3366
män	juni	2015	3349
män	juni	2016	3325
män	juni	2017	3369
män	juni	2018	3269
män	juni	2019	3283
män	juli	1851	2663
män	juli	1852	3017
män	juli	1853	2605
män	juli	1854	2483
män	juli	1855	2483
män	juli	1856	2740
män	juli	1857	3187
män	juli	1858	2728
män	juli	1859	2490
män	juli	1860	2341
män	juli	1861	2515
män	juli	1862	3089
män	juli	1863	2859
män	juli	1864	2897
män	juli	1865	3243
män	juli	1866	3133
män	juli	1867	2958
män	juli	1868	3577
män	juli	1869	3184
män	juli	1870	3010
män	juli	1871	2540
män	juli	1872	2895
män	juli	1873	2770
män	juli	1874	3518
män	juli	1875	3032
män	juli	1876	3093
män	juli	1877	3193
män	juli	1878	3098
män	juli	1879	2906
män	juli	1880	3055
män	juli	1881	2787
män	juli	1882	3146
män	juli	1883	3133
män	juli	1884	3055
män	juli	1885	3005
män	juli	1886	2965
män	juli	1887	2912
män	juli	1888	2808
män	juli	1889	3216
män	juli	1890	2781
män	juli	1891	3126
män	juli	1892	2934
män	juli	1893	3039
män	juli	1894	2900
män	juli	1895	2769
män	juli	1896	3019
män	juli	1897	2788
män	juli	1898	2943
män	juli	1899	3584
män	juli	1900	3218
män	juli	1901	3452
män	juli	1902	3023
män	juli	1903	3129
män	juli	1904	3064
män	juli	1905	3133
män	juli	1906	3028
män	juli	1907	2926
män	juli	1908	3049
män	juli	1909	2925
män	juli	1910	2995
män	juli	1911	2954
män	juli	1912	3176
män	juli	1913	3019
män	juli	1914	3327
män	juli	1915	3020
män	juli	1916	3145
män	juli	1917	2723
män	juli	1918	2833
män	juli	1919	2987
män	juli	1920	2799
män	juli	1921	2736
män	juli	1922	2669
män	juli	1923	2740
män	juli	1924	2810
män	juli	1925	3066
män	juli	1926	2764
män	juli	1927	2986
män	juli	1928	2910
män	juli	1929	2832
män	juli	1930	2799
män	juli	1931	2693
män	juli	1932	2875
män	juli	1933	2746
män	juli	1934	2729
män	juli	1935	2623
män	juli	1936	2711
män	juli	1937	2810
män	juli	1938	2939
män	juli	1939	2764
män	juli	1940	2840
män	juli	1941	2919
män	juli	1942	2492
män	juli	1943	2688
män	juli	1944	2994
män	juli	1945	2796
män	juli	1946	2684
män	juli	1947	2810
män	juli	1948	2876
män	juli	1949	2896
män	juli	1950	2782
män	juli	1951	2796
män	juli	1952	2760
män	juli	1953	2853
män	juli	1954	2795
män	juli	1955	2922
män	juli	1956	2944
män	juli	1957	3163
män	juli	1958	3003
män	juli	1959	3059
män	juli	1960	3139
män	juli	1961	3193
män	juli	1962	3407
män	juli	1963	3171
män	juli	1964	3464
män	juli	1965	3369
män	juli	1966	3528
män	juli	1967	3563
män	juli	1968	3532
män	juli	1969	3718
män	juli	1970	3523
män	juli	1971	3852
män	juli	1972	4088
män	juli	1973	3986
män	juli	1974	3860
män	juli	1975	4039
män	juli	1976	3884
män	juli	1977	3967
män	juli	1978	3978
män	juli	1979	3892
män	juli	1980	4190
män	juli	1981	3908
män	juli	1982	4217
män	juli	1983	4041
män	juli	1984	3888
män	juli	1985	3845
män	juli	1986	3852
män	juli	1987	4013
män	juli	1988	3888
män	juli	1989	3859
män	juli	1990	3961
män	juli	1991	4131
män	juli	1992	3895
män	juli	1993	3795
män	juli	1994	3800
män	juli	1995	3777
män	juli	1996	3692
män	juli	1997	3725
män	juli	1998	3666
män	juli	1999	3595
män	juli	2000	3645
män	juli	2001	3685
män	juli	2002	3624
män	juli	2003	3596
män	juli	2004	3444
män	juli	2005	3505
män	juli	2006	3497
män	juli	2007	3454
män	juli	2008	3600
män	juli	2009	3356
män	juli	2010	3510
män	juli	2011	3491
män	juli	2012	3496
män	juli	2013	3369
män	juli	2014	3573
män	juli	2015	3491
män	juli	2016	3525
män	juli	2017	3372
män	juli	2018	3721
män	juli	2019	3430
män	augusti	1851	2331
män	augusti	1852	2899
män	augusti	1853	3343
män	augusti	1854	2740
män	augusti	1855	2651
män	augusti	1856	2429
män	augusti	1857	4117
män	augusti	1858	2719
män	augusti	1859	2851
män	augusti	1860	2289
män	augusti	1861	2593
män	augusti	1862	2818
män	augusti	1863	2686
män	augusti	1864	2849
män	augusti	1865	2977
män	augusti	1866	3529
män	augusti	1867	2587
män	augusti	1868	4083
män	augusti	1869	2852
män	augusti	1870	2898
män	augusti	1871	2393
män	augusti	1872	2695
män	augusti	1873	2679
män	augusti	1874	3044
män	augusti	1875	2920
män	augusti	1876	3015
män	augusti	1877	2766
män	augusti	1878	3102
män	augusti	1879	2635
män	augusti	1880	2930
män	augusti	1881	2740
män	augusti	1882	3103
män	augusti	1883	2697
män	augusti	1884	2825
män	augusti	1885	2751
män	augusti	1886	2815
män	augusti	1887	2685
män	augusti	1888	2595
män	augusti	1889	2640
män	augusti	1890	2612
män	augusti	1891	2937
män	augusti	1892	2620
män	augusti	1893	2872
män	augusti	1894	2603
män	augusti	1895	2512
män	augusti	1896	2839
män	augusti	1897	2776
män	augusti	1898	2715
män	augusti	1899	3279
män	augusti	1900	2939
män	augusti	1901	3226
män	augusti	1902	2702
män	augusti	1903	2764
män	augusti	1904	2941
män	augusti	1905	2981
män	augusti	1906	2996
män	augusti	1907	2684
män	augusti	1908	2984
män	augusti	1909	2528
män	augusti	1910	2657
män	augusti	1911	3069
män	augusti	1912	2798
män	augusti	1913	2688
män	augusti	1914	2836
män	augusti	1915	2613
män	augusti	1916	2707
män	augusti	1917	2628
män	augusti	1918	3087
män	augusti	1919	2572
män	augusti	1920	2678
män	augusti	1921	2518
män	augusti	1922	2437
män	augusti	1923	2437
män	augusti	1924	2581
män	augusti	1925	2454
män	augusti	1926	2457
män	augusti	1927	2481
män	augusti	1928	2481
män	augusti	1929	2492
män	augusti	1930	2592
män	augusti	1931	2564
män	augusti	1932	2590
män	augusti	1933	2432
män	augusti	1934	2491
män	augusti	1935	2511
män	augusti	1936	2784
män	augusti	1937	2580
män	augusti	1938	2672
män	augusti	1939	2690
män	augusti	1940	2620
män	augusti	1941	2462
män	augusti	1942	2439
män	augusti	1943	2518
män	augusti	1944	2691
män	augusti	1945	2658
män	augusti	1946	2555
män	augusti	1947	2625
män	augusti	1948	2557
män	augusti	1949	2729
män	augusti	1950	2725
män	augusti	1951	2710
män	augusti	1952	2686
män	augusti	1953	2785
män	augusti	1954	2666
män	augusti	1955	2697
män	augusti	1956	2939
män	augusti	1957	2946
män	augusti	1958	2866
män	augusti	1959	2868
män	augusti	1960	3169
män	augusti	1961	3240
män	augusti	1962	3329
män	augusti	1963	3173
män	augusti	1964	3294
män	augusti	1965	3366
män	augusti	1966	3287
män	augusti	1967	3525
män	augusti	1968	3617
män	augusti	1969	3496
män	augusti	1970	3554
män	augusti	1971	3759
män	augusti	1972	3595
män	augusti	1973	3811
män	augusti	1974	3778
män	augusti	1975	4055
män	augusti	1976	3876
män	augusti	1977	3915
män	augusti	1978	3971
män	augusti	1979	4109
män	augusti	1980	3989
män	augusti	1981	3829
män	augusti	1982	3899
män	augusti	1983	3746
män	augusti	1984	3912
män	augusti	1985	3927
män	augusti	1986	3858
män	augusti	1987	4012
män	augusti	1988	4072
män	augusti	1989	3720
män	augusti	1990	3879
män	augusti	1991	3891
män	augusti	1992	3766
män	augusti	1993	3757
män	augusti	1994	3636
män	augusti	1995	3657
män	augusti	1996	3572
män	augusti	1997	3679
män	augusti	1998	3720
män	augusti	1999	3704
män	augusti	2000	3453
män	augusti	2001	3478
män	augusti	2002	3638
män	augusti	2003	3491
män	augusti	2004	3551
män	augusti	2005	3436
män	augusti	2006	3471
män	augusti	2007	3318
män	augusti	2008	3400
män	augusti	2009	3358
män	augusti	2010	3396
män	augusti	2011	3446
män	augusti	2012	3422
män	augusti	2013	3366
män	augusti	2014	3621
män	augusti	2015	3395
män	augusti	2016	3451
män	augusti	2017	3435
män	augusti	2018	3455
män	augusti	2019	3459
män	september	1851	2220
män	september	1852	2911
män	september	1853	5167
män	september	1854	3205
män	september	1855	3080
män	september	1856	2610
män	september	1857	7598
män	september	1858	3084
män	september	1859	3188
män	september	1860	2315
män	september	1861	2625
män	september	1862	2779
män	september	1863	2474
män	september	1864	2718
män	september	1865	2888
män	september	1866	3682
män	september	1867	2483
män	september	1868	3454
män	september	1869	2756
män	september	1870	2638
män	september	1871	2417
män	september	1872	2457
män	september	1873	2568
män	september	1874	2845
män	september	1875	2725
män	september	1876	2954
män	september	1877	2835
män	september	1878	2834
män	september	1879	2510
män	september	1880	2893
män	september	1881	2565
män	september	1882	2909
män	september	1883	2643
män	september	1884	2616
män	september	1885	2652
män	september	1886	2878
män	september	1887	2636
män	september	1888	2504
män	september	1889	2518
män	september	1890	2610
män	september	1891	2673
män	september	1892	2557
män	september	1893	2826
män	september	1894	2543
män	september	1895	2485
män	september	1896	2593
män	september	1897	2654
män	september	1898	2612
män	september	1899	2960
män	september	1900	2784
män	september	1901	2986
män	september	1902	2532
män	september	1903	2663
män	september	1904	2707
män	september	1905	2823
män	september	1906	2661
män	september	1907	2685
män	september	1908	2825
män	september	1909	2438
män	september	1910	2596
män	september	1911	2744
män	september	1912	2739
män	september	1913	2649
män	september	1914	2703
män	september	1915	2660
män	september	1916	2679
män	september	1917	2623
män	september	1918	4489
män	september	1919	2560
män	september	1920	2508
män	september	1921	2491
män	september	1922	2397
män	september	1923	2417
män	september	1924	2452
män	september	1925	2382
män	september	1926	2436
män	september	1927	2509
män	september	1928	2420
män	september	1929	2414
män	september	1930	2519
män	september	1931	2526
män	september	1932	2487
män	september	1933	2554
män	september	1934	2403
män	september	1935	2568
män	september	1936	2546
män	september	1937	2629
män	september	1938	2590
män	september	1939	2452
män	september	1940	2631
män	september	1941	2343
män	september	1942	2311
män	september	1943	2482
män	september	1944	2845
män	september	1945	2664
män	september	1946	2672
män	september	1947	2580
män	september	1948	2746
män	september	1949	2611
män	september	1950	2838
män	september	1951	2601
män	september	1952	2754
män	september	1953	2706
män	september	1954	2705
män	september	1955	2713
män	september	1956	2926
män	september	1957	3034
män	september	1958	2813
män	september	1959	2913
män	september	1960	3079
män	september	1961	3104
män	september	1962	3260
män	september	1963	3238
män	september	1964	3290
män	september	1965	3285
män	september	1966	3295
män	september	1967	3384
män	september	1968	3424
män	september	1969	3478
män	september	1970	3484
män	september	1971	3670
män	september	1972	3821
män	september	1973	3691
män	september	1974	3679
män	september	1975	3567
män	september	1976	3748
män	september	1977	3776
män	september	1978	3972
män	september	1979	3888
män	september	1980	3937
män	september	1981	3856
män	september	1982	3817
män	september	1983	3705
män	september	1984	3929
män	september	1985	3917
män	september	1986	3952
män	september	1987	3805
män	september	1988	3783
män	september	1989	3643
män	september	1990	3875
män	september	1991	3918
män	september	1992	3753
män	september	1993	3706
män	september	1994	3940
män	september	1995	3727
män	september	1996	3580
män	september	1997	3742
män	september	1998	3528
män	september	1999	3552
män	september	2000	3523
män	september	2001	3575
män	september	2002	3434
män	september	2003	3530
män	september	2004	3447
män	september	2005	3430
män	september	2006	3512
män	september	2007	3497
män	september	2008	3411
män	september	2009	3302
män	september	2010	3500
män	september	2011	3415
män	september	2012	3297
män	september	2013	3348
män	september	2014	3427
män	september	2015	3511
män	september	2016	3410
män	september	2017	3396
män	september	2018	3446
män	september	2019	3502
män	oktober	1851	2468
män	oktober	1852	3088
män	oktober	1853	3586
män	oktober	1854	3422
män	oktober	1855	3281
män	oktober	1856	2918
män	oktober	1857	5542
män	oktober	1858	3081
män	oktober	1859	3140
män	oktober	1860	2619
män	oktober	1861	2587
män	oktober	1862	3232
män	oktober	1863	2755
män	oktober	1864	3193
män	oktober	1865	3392
män	oktober	1866	3263
män	oktober	1867	2733
män	oktober	1868	3554
män	oktober	1869	3060
män	oktober	1870	3032
män	oktober	1871	2737
män	oktober	1872	2603
män	oktober	1873	2891
män	oktober	1874	2841
män	oktober	1875	3401
män	oktober	1876	3355
män	oktober	1877	3347
män	oktober	1878	2954
män	oktober	1879	2885
män	oktober	1880	3448
män	oktober	1881	3053
män	oktober	1882	3224
män	oktober	1883	2963
män	oktober	1884	3042
män	oktober	1885	3182
män	oktober	1886	3039
män	oktober	1887	3035
män	oktober	1888	3070
män	oktober	1889	2758
män	oktober	1890	3001
män	oktober	1891	2600
män	oktober	1892	2847
män	oktober	1893	2903
män	oktober	1894	3037
män	oktober	1895	2790
män	oktober	1896	2796
män	oktober	1897	2751
män	oktober	1898	3027
män	oktober	1899	3119
män	oktober	1900	3082
män	oktober	1901	2926
män	oktober	1902	2993
män	oktober	1903	3047
män	oktober	1904	2978
män	oktober	1905	3122
män	oktober	1906	2883
män	oktober	1907	2866
män	oktober	1908	2895
män	oktober	1909	2581
män	oktober	1910	3025
män	oktober	1911	2972
män	oktober	1912	3075
män	oktober	1913	2930
män	oktober	1914	2968
män	oktober	1915	2883
män	oktober	1916	3050
män	oktober	1917	2886
män	oktober	1918	8826
män	oktober	1919	3029
män	oktober	1920	2815
män	oktober	1921	2719
män	oktober	1922	2793
män	oktober	1923	2604
män	oktober	1924	2623
män	oktober	1925	2739
män	oktober	1926	2675
män	oktober	1927	2794
män	oktober	1928	2789
män	oktober	1929	2690
män	oktober	1930	2712
män	oktober	1931	2644
män	oktober	1932	2710
män	oktober	1933	2633
män	oktober	1934	2656
män	oktober	1935	2702
män	oktober	1936	2841
män	oktober	1937	2899
män	oktober	1938	2787
män	oktober	1939	2754
män	oktober	1940	2669
män	oktober	1941	2541
män	oktober	1942	2536
män	oktober	1943	2620
män	oktober	1944	2996
män	oktober	1945	2855
män	oktober	1946	2768
män	oktober	1947	2866
män	oktober	1948	2917
män	oktober	1949	2856
män	oktober	1950	2804
män	oktober	1951	2745
män	oktober	1952	2938
män	oktober	1953	2745
män	oktober	1954	2956
män	oktober	1955	2910
män	oktober	1956	3095
män	oktober	1957	3139
män	oktober	1958	3021
män	oktober	1959	3145
män	oktober	1960	3212
män	oktober	1961	3209
män	oktober	1962	3396
män	oktober	1963	3396
män	oktober	1964	3447
män	oktober	1965	3408
män	oktober	1966	3374
män	oktober	1967	3648
män	oktober	1968	3683
män	oktober	1969	3617
män	oktober	1970	3610
män	oktober	1971	3842
män	oktober	1972	3911
män	oktober	1973	3959
män	oktober	1974	3956
män	oktober	1975	3947
män	oktober	1976	4022
män	oktober	1977	3968
män	oktober	1978	4000
män	oktober	1979	4122
män	oktober	1980	4103
män	oktober	1981	3975
män	oktober	1982	3971
män	oktober	1983	4002
män	oktober	1984	4024
män	oktober	1985	4014
män	oktober	1986	4021
män	oktober	1987	3898
män	oktober	1988	4111
män	oktober	1989	4039
män	oktober	1990	3888
män	oktober	1991	3848
män	oktober	1992	3970
män	oktober	1993	3851
män	oktober	1994	3833
män	oktober	1995	3755
män	oktober	1996	3758
män	oktober	1997	3794
män	oktober	1998	3795
män	oktober	1999	3759
män	oktober	2000	3717
män	oktober	2001	3691
män	oktober	2002	3882
män	oktober	2003	3740
män	oktober	2004	3639
män	oktober	2005	3512
män	oktober	2006	3677
män	oktober	2007	3594
män	oktober	2008	3618
män	oktober	2009	3658
män	oktober	2010	3605
män	oktober	2011	3672
män	oktober	2012	3640
män	oktober	2013	3629
män	oktober	2014	3713
män	oktober	2015	3601
män	oktober	2016	3726
män	oktober	2017	3724
män	oktober	2018	3717
män	oktober	2019	3817
män	november	1851	2918
män	november	1852	3474
män	november	1853	2924
män	november	1854	3306
män	november	1855	3281
män	november	1856	3580
män	november	1857	3837
män	november	1858	3125
män	november	1859	3070
män	november	1860	2971
män	november	1861	3046
män	november	1862	3469
män	november	1863	2934
män	november	1864	3562
män	november	1865	3243
män	november	1866	3353
män	november	1867	3358
män	november	1868	3825
män	november	1869	3511
män	november	1870	3040
män	november	1871	2875
män	november	1872	2803
män	november	1873	3131
män	november	1874	3494
män	november	1875	3812
män	november	1876	3988
män	november	1877	3314
män	november	1878	3304
män	november	1879	3277
män	november	1880	3667
män	november	1881	3176
män	november	1882	3529
män	november	1883	3126
män	november	1884	3371
män	november	1885	3373
män	november	1886	3020
män	november	1887	3195
män	november	1888	3291
män	november	1889	2853
män	november	1890	3143
män	november	1891	2967
män	november	1892	3162
män	november	1893	3272
män	november	1894	3033
män	november	1895	2946
män	november	1896	3257
män	november	1897	2967
män	november	1898	3070
män	november	1899	3165
män	november	1900	2984
män	november	1901	3240
män	november	1902	3104
män	november	1903	3022
män	november	1904	3279
män	november	1905	3086
män	november	1906	2984
män	november	1907	2982
män	november	1908	3146
män	november	1909	2853
män	november	1910	3259
män	november	1911	2930
män	november	1912	3057
män	november	1913	2739
män	november	1914	2960
män	november	1915	3079
män	november	1916	2888
män	november	1917	2842
män	november	1918	8237
män	november	1919	3456
män	november	1920	2917
män	november	1921	2808
män	november	1922	2807
män	november	1923	2742
män	november	1924	2647
män	november	1925	2667
män	november	1926	2603
män	november	1927	2741
män	november	1928	2721
män	november	1929	2603
män	november	1930	2780
män	november	1931	2649
män	november	1932	2726
män	november	1933	2603
män	november	1934	2658
män	november	1935	2750
män	november	1936	2794
män	november	1937	2858
män	november	1938	2689
män	november	1939	2756
män	november	1940	2741
män	november	1941	2659
män	november	1942	2607
män	november	1943	2863
män	november	1944	3066
män	november	1945	2645
män	november	1946	2898
män	november	1947	2919
män	november	1948	2728
män	november	1949	2846
män	november	1950	2919
män	november	1951	2772
män	november	1952	2813
män	november	1953	2768
män	november	1954	2809
män	november	1955	2855
män	november	1956	3083
män	november	1957	3272
män	november	1958	2893
män	november	1959	3106
män	november	1960	3279
män	november	1961	3271
män	november	1962	3308
män	november	1963	3273
män	november	1964	3412
män	november	1965	3435
män	november	1966	3536
män	november	1967	3567
män	november	1968	3530
män	november	1969	3625
män	november	1970	3637
män	november	1971	3813
män	november	1972	3757
män	november	1973	4008
män	november	1974	3773
män	november	1975	3977
män	november	1976	3954
män	november	1977	4097
män	november	1978	4049
män	november	1979	4138
män	november	1980	3959
män	november	1981	4064
män	november	1982	3990
män	november	1983	3902
män	november	1984	3912
män	november	1985	4067
män	november	1986	3777
män	november	1987	3987
män	november	1988	4143
män	november	1989	3966
män	november	1990	4032
män	november	1991	4073
män	november	1992	3948
män	november	1993	4046
män	november	1994	3794
män	november	1995	3874
män	november	1996	3852
män	november	1997	3549
män	november	1998	3847
män	november	1999	3775
män	november	2000	3628
män	november	2001	3769
män	november	2002	3675
män	november	2003	3629
män	november	2004	3646
män	november	2005	3467
män	november	2006	3715
män	november	2007	3533
män	november	2008	3578
män	november	2009	3618
män	november	2010	3617
män	november	2011	3512
män	november	2012	3546
män	november	2013	3472
män	november	2014	3517
män	november	2015	3612
män	november	2016	3679
män	november	2017	3697
män	november	2018	3547
män	november	2019	3633
män	december	1851	3345
män	december	1852	3371
män	december	1853	3053
män	december	1854	2918
män	december	1855	3658
män	december	1856	3841
män	december	1857	3998
män	december	1858	3090
män	december	1859	3313
män	december	1860	3459
män	december	1861	3252
män	december	1862	4070
män	december	1863	3444
män	december	1864	3633
män	december	1865	3595
män	december	1866	3728
män	december	1867	4241
män	december	1868	4357
män	december	1869	3731
män	december	1870	3762
män	december	1871	3331
män	december	1872	3260
män	december	1873	3579
män	december	1874	4294
män	december	1875	4305
män	december	1876	4358
män	december	1877	3824
män	december	1878	3747
män	december	1879	3721
män	december	1880	3894
män	december	1881	3320
män	december	1882	3938
män	december	1883	3503
män	december	1884	4204
män	december	1885	3805
män	december	1886	3582
män	december	1887	3457
män	december	1888	3164
män	december	1889	3910
män	december	1890	3786
män	december	1891	3703
män	december	1892	3772
män	december	1893	3931
män	december	1894	3490
män	december	1895	3376
män	december	1896	3788
män	december	1897	3290
män	december	1898	3607
män	december	1899	3962
män	december	1900	3428
män	december	1901	3521
män	december	1902	3826
män	december	1903	3346
män	december	1904	3575
män	december	1905	3319
män	december	1906	3418
män	december	1907	3492
män	december	1908	3259
män	december	1909	3173
män	december	1910	3430
män	december	1911	3149
män	december	1912	3299
män	december	1913	3425
män	december	1914	3653
män	december	1915	3652
män	december	1916	3166
män	december	1917	3329
män	december	1918	6261
män	december	1919	3461
män	december	1920	3344
män	december	1921	2972
män	december	1922	3050
män	december	1923	3065
män	december	1924	2948
män	december	1925	3158
män	december	1926	2900
män	december	1927	3264
män	december	1928	3136
män	december	1929	2923
män	december	1930	3185
män	december	1931	3043
män	december	1932	2801
män	december	1933	2948
män	december	1934	2992
män	december	1935	3055
män	december	1936	3148
män	december	1937	3233
män	december	1938	3087
män	december	1939	3069
män	december	1940	2973
män	december	1941	2736
män	december	1942	2722
män	december	1943	3001
män	december	1944	3049
män	december	1945	3106
män	december	1946	3103
män	december	1947	3052
män	december	1948	2953
män	december	1949	3083
män	december	1950	3237
män	december	1951	2988
män	december	1952	3031
män	december	1953	3024
män	december	1954	3076
män	december	1955	3307
män	december	1956	3178
män	december	1957	3482
män	december	1958	3305
män	december	1959	3300
män	december	1960	3573
män	december	1961	3619
män	december	1962	3585
män	december	1963	3736
män	december	1964	3696
män	december	1965	3778
män	december	1966	3925
män	december	1967	4052
män	december	1968	3886
män	december	1969	4429
män	december	1970	3849
män	december	1971	4710
män	december	1972	3949
män	december	1973	4498
män	december	1974	4221
män	december	1975	4262
män	december	1976	4295
män	december	1977	4395
män	december	1978	4498
män	december	1979	4536
män	december	1980	4579
män	december	1981	4699
män	december	1982	4341
män	december	1983	4412
män	december	1984	4269
män	december	1985	4467
män	december	1986	4538
män	december	1987	4319
män	december	1988	5399
män	december	1989	4476
män	december	1990	4496
män	december	1991	4480
män	december	1992	4180
män	december	1993	5475
män	december	1994	3985
män	december	1995	4617
män	december	1996	4425
män	december	1997	4099
män	december	1998	4330
män	december	1999	4432
män	december	2000	3981
män	december	2001	4080
män	december	2002	4208
män	december	2003	4139
män	december	2004	3968
män	december	2005	3904
män	december	2006	3933
män	december	2007	3961
män	december	2008	3970
män	december	2009	3888
män	december	2010	4202
män	december	2011	4005
män	december	2012	4038
män	december	2013	3813
män	december	2014	3808
män	december	2015	3863
män	december	2016	4079
män	december	2017	4031
män	december	2018	3923
män	december	2019	3899
kvinnor	januari	1851	3016
kvinnor	januari	1852	3160
kvinnor	januari	1853	3452
kvinnor	januari	1854	3106
kvinnor	januari	1855	3389
kvinnor	januari	1856	3614
kvinnor	januari	1857	4000
kvinnor	januari	1858	4592
kvinnor	januari	1859	3506
kvinnor	januari	1860	3019
kvinnor	januari	1861	3629
kvinnor	januari	1862	4158
kvinnor	januari	1863	3848
kvinnor	januari	1864	4823
kvinnor	januari	1865	3615
kvinnor	januari	1866	3306
kvinnor	januari	1867	4254
kvinnor	januari	1868	3730
kvinnor	januari	1869	4716
kvinnor	januari	1870	3858
kvinnor	januari	1871	3852
kvinnor	januari	1872	3063
kvinnor	januari	1873	3030
kvinnor	januari	1874	3732
kvinnor	januari	1875	5051
kvinnor	januari	1876	4324
kvinnor	januari	1877	4198
kvinnor	januari	1878	3958
kvinnor	januari	1879	3773
kvinnor	januari	1880	3552
kvinnor	januari	1881	4829
kvinnor	januari	1882	3344
kvinnor	januari	1883	3871
kvinnor	januari	1884	3692
kvinnor	januari	1885	4269
kvinnor	januari	1886	3765
kvinnor	januari	1887	3781
kvinnor	januari	1888	3682
kvinnor	januari	1889	3547
kvinnor	januari	1890	5958
kvinnor	januari	1891	4253
kvinnor	januari	1892	6104
kvinnor	januari	1893	4241
kvinnor	januari	1894	5606
kvinnor	januari	1895	3753
kvinnor	januari	1896	3539
kvinnor	januari	1897	3883
kvinnor	januari	1898	3465
kvinnor	januari	1899	4280
kvinnor	januari	1900	3894
kvinnor	januari	1901	3719
kvinnor	januari	1902	3372
kvinnor	januari	1903	3694
kvinnor	januari	1904	3779
kvinnor	januari	1905	4342
kvinnor	januari	1906	3783
kvinnor	januari	1907	3902
kvinnor	januari	1908	3891
kvinnor	januari	1909	3596
kvinnor	januari	1910	3493
kvinnor	januari	1911	3686
kvinnor	januari	1912	3855
kvinnor	januari	1913	3842
kvinnor	januari	1914	3822
kvinnor	januari	1915	5516
kvinnor	januari	1916	3603
kvinnor	januari	1917	3925
kvinnor	januari	1918	3724
kvinnor	januari	1919	5690
kvinnor	januari	1920	3789
kvinnor	januari	1921	3854
kvinnor	januari	1922	4110
kvinnor	januari	1923	3248
kvinnor	januari	1924	3476
kvinnor	januari	1925	3077
kvinnor	januari	1926	3524
kvinnor	januari	1927	3723
kvinnor	januari	1928	3647
kvinnor	januari	1929	4047
kvinnor	januari	1930	3100
kvinnor	januari	1931	5209
kvinnor	januari	1932	3386
kvinnor	januari	1933	3136
kvinnor	januari	1934	3306
kvinnor	januari	1935	3885
kvinnor	januari	1936	3495
kvinnor	januari	1937	3659
kvinnor	januari	1938	3494
kvinnor	januari	1939	3457
kvinnor	januari	1940	3749
kvinnor	januari	1941	4819
kvinnor	januari	1942	2956
kvinnor	januari	1943	2946
kvinnor	januari	1944	3526
kvinnor	januari	1945	3402
kvinnor	januari	1946	3437
kvinnor	januari	1947	3607
kvinnor	januari	1948	3366
kvinnor	januari	1949	3107
kvinnor	januari	1950	3263
kvinnor	januari	1951	4278
kvinnor	januari	1952	2920
kvinnor	januari	1953	3325
kvinnor	januari	1954	3078
kvinnor	januari	1955	3047
kvinnor	januari	1956	2796
kvinnor	januari	1957	3073
kvinnor	januari	1958	3364
kvinnor	januari	1959	2960
kvinnor	januari	1960	3179
kvinnor	januari	1961	3092
kvinnor	januari	1962	3271
kvinnor	januari	1963	3235
kvinnor	januari	1964	3187
kvinnor	januari	1965	3144
kvinnor	januari	1966	3221
kvinnor	januari	1967	3238
kvinnor	januari	1968	3855
kvinnor	januari	1969	3504
kvinnor	januari	1970	3828
kvinnor	januari	1971	3215
kvinnor	januari	1972	3646
kvinnor	januari	1973	3515
kvinnor	januari	1974	3698
kvinnor	januari	1975	3529
kvinnor	januari	1976	3564
kvinnor	januari	1977	3604
kvinnor	januari	1978	3743
kvinnor	januari	1979	3770
kvinnor	januari	1980	3850
kvinnor	januari	1981	4005
kvinnor	januari	1982	4018
kvinnor	januari	1983	3636
kvinnor	januari	1984	3829
kvinnor	januari	1985	4337
kvinnor	januari	1986	4165
kvinnor	januari	1987	4213
kvinnor	januari	1988	3925
kvinnor	januari	1989	4529
kvinnor	januari	1990	4283
kvinnor	januari	1991	4405
kvinnor	januari	1992	4461
kvinnor	januari	1993	4422
kvinnor	januari	1994	4597
kvinnor	januari	1995	4094
kvinnor	januari	1996	5221
kvinnor	januari	1997	4806
kvinnor	januari	1998	4059
kvinnor	januari	1999	4421
kvinnor	januari	2000	5123
kvinnor	januari	2001	4293
kvinnor	januari	2002	4387
kvinnor	januari	2003	4833
kvinnor	januari	2004	4491
kvinnor	januari	2005	4251
kvinnor	januari	2006	4343
kvinnor	januari	2007	4348
kvinnor	januari	2008	4293
kvinnor	januari	2009	4933
kvinnor	januari	2010	4423
kvinnor	januari	2011	4479
kvinnor	januari	2012	4354
kvinnor	januari	2013	4553
kvinnor	januari	2014	4134
kvinnor	januari	2015	4589
kvinnor	januari	2016	4526
kvinnor	januari	2017	4875
kvinnor	januari	2018	4500
kvinnor	januari	2019	4173
kvinnor	februari	1851	2932
kvinnor	februari	1852	3313
kvinnor	februari	1853	4051
kvinnor	februari	1854	2711
kvinnor	februari	1855	3989
kvinnor	februari	1856	3542
kvinnor	februari	1857	3594
kvinnor	februari	1858	3694
kvinnor	februari	1859	3142
kvinnor	februari	1860	3061
kvinnor	februari	1861	2996
kvinnor	februari	1862	3711
kvinnor	februari	1863	3580
kvinnor	februari	1864	3532
kvinnor	februari	1865	3580
kvinnor	februari	1866	3325
kvinnor	februari	1867	3332
kvinnor	februari	1868	3332
kvinnor	februari	1869	4160
kvinnor	februari	1870	4255
kvinnor	februari	1871	3536
kvinnor	februari	1872	3103
kvinnor	februari	1873	3079
kvinnor	februari	1874	3661
kvinnor	februari	1875	4118
kvinnor	februari	1876	3763
kvinnor	februari	1877	3489
kvinnor	februari	1878	3420
kvinnor	februari	1879	3432
kvinnor	februari	1880	3563
kvinnor	februari	1881	3877
kvinnor	februari	1882	3327
kvinnor	februari	1883	3414
kvinnor	februari	1884	3332
kvinnor	februari	1885	3607
kvinnor	februari	1886	3138
kvinnor	februari	1887	3140
kvinnor	februari	1888	3558
kvinnor	februari	1889	3477
kvinnor	februari	1890	3665
kvinnor	februari	1891	3231
kvinnor	februari	1892	5083
kvinnor	februari	1893	3692
kvinnor	februari	1894	3631
kvinnor	februari	1895	3711
kvinnor	februari	1896	3243
kvinnor	februari	1897	3608
kvinnor	februari	1898	3193
kvinnor	februari	1899	4369
kvinnor	februari	1900	3897
kvinnor	februari	1901	3651
kvinnor	februari	1902	3471
kvinnor	februari	1903	3413
kvinnor	februari	1904	3930
kvinnor	februari	1905	3901
kvinnor	februari	1906	3283
kvinnor	februari	1907	3719
kvinnor	februari	1908	4186
kvinnor	februari	1909	3426
kvinnor	februari	1910	3328
kvinnor	februari	1911	3476
kvinnor	februari	1912	3599
kvinnor	februari	1913	3539
kvinnor	februari	1914	3164
kvinnor	februari	1915	4290
kvinnor	februari	1916	3305
kvinnor	februari	1917	3752
kvinnor	februari	1918	2892
kvinnor	februari	1919	4250
kvinnor	februari	1920	3686
kvinnor	februari	1921	3364
kvinnor	februari	1922	5314
kvinnor	februari	1923	3022
kvinnor	februari	1924	3291
kvinnor	februari	1925	2902
kvinnor	februari	1926	3466
kvinnor	februari	1927	4633
kvinnor	februari	1928	3184
kvinnor	februari	1929	3602
kvinnor	februari	1930	3049
kvinnor	februari	1931	4366
kvinnor	februari	1932	3043
kvinnor	februari	1933	3068
kvinnor	februari	1934	3016
kvinnor	februari	1935	3539
kvinnor	februari	1936	3434
kvinnor	februari	1937	3759
kvinnor	februari	1938	3003
kvinnor	februari	1939	2938
kvinnor	februari	1940	3873
kvinnor	februari	1941	3739
kvinnor	februari	1942	2951
kvinnor	februari	1943	2629
kvinnor	februari	1944	3118
kvinnor	februari	1945	3184
kvinnor	februari	1946	3006
kvinnor	februari	1947	3965
kvinnor	februari	1948	2840
kvinnor	februari	1949	2790
kvinnor	februari	1950	2883
kvinnor	februari	1951	2937
kvinnor	februari	1952	2841
kvinnor	februari	1953	3053
kvinnor	februari	1954	2944
kvinnor	februari	1955	2666
kvinnor	februari	1956	2919
kvinnor	februari	1957	2618
kvinnor	februari	1958	2828
kvinnor	februari	1959	2700
kvinnor	februari	1960	3173
kvinnor	februari	1961	2717
kvinnor	februari	1962	2835
kvinnor	februari	1963	2931
kvinnor	februari	1964	2878
kvinnor	februari	1965	2794
kvinnor	februari	1966	2999
kvinnor	februari	1967	2862
kvinnor	februari	1968	3595
kvinnor	februari	1969	3207
kvinnor	februari	1970	2913
kvinnor	februari	1971	2704
kvinnor	februari	1972	3011
kvinnor	februari	1973	3120
kvinnor	februari	1974	3068
kvinnor	februari	1975	3450
kvinnor	februari	1976	3716
kvinnor	februari	1977	3054
kvinnor	februari	1978	3561
kvinnor	februari	1979	3240
kvinnor	februari	1980	3481
kvinnor	februari	1981	3751
kvinnor	februari	1982	3328
kvinnor	februari	1983	3639
kvinnor	februari	1984	3450
kvinnor	februari	1985	4113
kvinnor	februari	1986	3930
kvinnor	februari	1987	3568
kvinnor	februari	1988	3667
kvinnor	februari	1989	3426
kvinnor	februari	1990	3721
kvinnor	februari	1991	3635
kvinnor	februari	1992	4122
kvinnor	februari	1993	3796
kvinnor	februari	1994	3551
kvinnor	februari	1995	3631
kvinnor	februari	1996	4058
kvinnor	februari	1997	4162
kvinnor	februari	1998	3917
kvinnor	februari	1999	4282
kvinnor	februari	2000	4178
kvinnor	februari	2001	3885
kvinnor	februari	2002	3820
kvinnor	februari	2003	3975
kvinnor	februari	2004	3871
kvinnor	februari	2005	4048
kvinnor	februari	2006	3730
kvinnor	februari	2007	3921
kvinnor	februari	2008	3964
kvinnor	februari	2009	4119
kvinnor	februari	2010	3766
kvinnor	februari	2011	3723
kvinnor	februari	2012	4395
kvinnor	februari	2013	4194
kvinnor	februari	2014	3811
kvinnor	februari	2015	4148
kvinnor	februari	2016	4035
kvinnor	februari	2017	4244
kvinnor	februari	2018	4314
kvinnor	februari	2019	3789
kvinnor	mars	1851	4388
kvinnor	mars	1852	3877
kvinnor	mars	1853	4371
kvinnor	mars	1854	3171
kvinnor	mars	1855	3896
kvinnor	mars	1856	4103
kvinnor	mars	1857	3846
kvinnor	mars	1858	4386
kvinnor	mars	1859	3925
kvinnor	mars	1860	3268
kvinnor	mars	1861	3410
kvinnor	mars	1862	4201
kvinnor	mars	1863	4251
kvinnor	mars	1864	3794
kvinnor	mars	1865	3589
kvinnor	mars	1866	4067
kvinnor	mars	1867	4482
kvinnor	mars	1868	3577
kvinnor	mars	1869	5325
kvinnor	mars	1870	4344
kvinnor	mars	1871	3084
kvinnor	mars	1872	3601
kvinnor	mars	1873	3455
kvinnor	mars	1874	4170
kvinnor	mars	1875	4346
kvinnor	mars	1876	3770
kvinnor	mars	1877	3959
kvinnor	mars	1878	3805
kvinnor	mars	1879	3437
kvinnor	mars	1880	3709
kvinnor	mars	1881	4144
kvinnor	mars	1882	3510
kvinnor	mars	1883	4176
kvinnor	mars	1884	3851
kvinnor	mars	1885	4023
kvinnor	mars	1886	3886
kvinnor	mars	1887	3771
kvinnor	mars	1888	3968
kvinnor	mars	1889	3736
kvinnor	mars	1890	4188
kvinnor	mars	1891	3888
kvinnor	mars	1892	4510
kvinnor	mars	1893	3740
kvinnor	mars	1894	3674
kvinnor	mars	1895	3587
kvinnor	mars	1896	3793
kvinnor	mars	1897	3693
kvinnor	mars	1898	3484
kvinnor	mars	1899	5213
kvinnor	mars	1900	4342
kvinnor	mars	1901	4215
kvinnor	mars	1902	3873
kvinnor	mars	1903	3796
kvinnor	mars	1904	4220
kvinnor	mars	1905	4036
kvinnor	mars	1906	3557
kvinnor	mars	1907	4023
kvinnor	mars	1908	4119
kvinnor	mars	1909	3709
kvinnor	mars	1910	3651
kvinnor	mars	1911	3587
kvinnor	mars	1912	3594
kvinnor	mars	1913	3988
kvinnor	mars	1914	3536
kvinnor	mars	1915	4026
kvinnor	mars	1916	3986
kvinnor	mars	1917	4073
kvinnor	mars	1918	3345
kvinnor	mars	1919	3960
kvinnor	mars	1920	4223
kvinnor	mars	1921	3721
kvinnor	mars	1922	3809
kvinnor	mars	1923	3238
kvinnor	mars	1924	3633
kvinnor	mars	1925	3386
kvinnor	mars	1926	3687
kvinnor	mars	1927	4455
kvinnor	mars	1928	3649
kvinnor	mars	1929	4013
kvinnor	mars	1930	3540
kvinnor	mars	1931	3916
kvinnor	mars	1932	3476
kvinnor	mars	1933	3565
kvinnor	mars	1934	3343
kvinnor	mars	1935	3485
kvinnor	mars	1936	3856
kvinnor	mars	1937	4020
kvinnor	mars	1938	3381
kvinnor	mars	1939	3783
kvinnor	mars	1940	3724
kvinnor	mars	1941	3145
kvinnor	mars	1942	2978
kvinnor	mars	1943	2942
kvinnor	mars	1944	3441
kvinnor	mars	1945	3355
kvinnor	mars	1946	3695
kvinnor	mars	1947	3779
kvinnor	mars	1948	2996
kvinnor	mars	1949	3213
kvinnor	mars	1950	3245
kvinnor	mars	1951	3160
kvinnor	mars	1952	2936
kvinnor	mars	1953	3161
kvinnor	mars	1954	3601
kvinnor	mars	1955	3092
kvinnor	mars	1956	2968
kvinnor	mars	1957	3300
kvinnor	mars	1958	3152
kvinnor	mars	1959	2914
kvinnor	mars	1960	3624
kvinnor	mars	1961	2885
kvinnor	mars	1962	3209
kvinnor	mars	1963	3412
kvinnor	mars	1964	3145
kvinnor	mars	1965	3674
kvinnor	mars	1966	3227
kvinnor	mars	1967	3219
kvinnor	mars	1968	3339
kvinnor	mars	1969	3418
kvinnor	mars	1970	3086
kvinnor	mars	1971	3068
kvinnor	mars	1972	3130
kvinnor	mars	1973	3139
kvinnor	mars	1974	3413
kvinnor	mars	1975	3679
kvinnor	mars	1976	4466
kvinnor	mars	1977	3396
kvinnor	mars	1978	3730
kvinnor	mars	1979	3525
kvinnor	mars	1980	3791
kvinnor	mars	1981	3892
kvinnor	mars	1982	3535
kvinnor	mars	1983	4189
kvinnor	mars	1984	3780
kvinnor	mars	1985	4133
kvinnor	mars	1986	4049
kvinnor	mars	1987	3889
kvinnor	mars	1988	3989
kvinnor	mars	1989	3688
kvinnor	mars	1990	4063
kvinnor	mars	1991	3896
kvinnor	mars	1992	4151
kvinnor	mars	1993	4608
kvinnor	mars	1994	3882
kvinnor	mars	1995	4026
kvinnor	mars	1996	4005
kvinnor	mars	1997	4105
kvinnor	mars	1998	4308
kvinnor	mars	1999	4717
kvinnor	mars	2000	4109
kvinnor	mars	2001	4304
kvinnor	mars	2002	4699
kvinnor	mars	2003	4256
kvinnor	mars	2004	4087
kvinnor	mars	2005	4779
kvinnor	mars	2006	4220
kvinnor	mars	2007	4664
kvinnor	mars	2008	4297
kvinnor	mars	2009	4193
kvinnor	mars	2010	4162
kvinnor	mars	2011	4279
kvinnor	mars	2012	4663
kvinnor	mars	2013	4541
kvinnor	mars	2014	3951
kvinnor	mars	2015	4501
kvinnor	mars	2016	4201
kvinnor	mars	2017	4242
kvinnor	mars	2018	4929
kvinnor	mars	2019	3958
kvinnor	april	1851	3735
kvinnor	april	1852	4076
kvinnor	april	1853	3619
kvinnor	april	1854	3344
kvinnor	april	1855	3491
kvinnor	april	1856	4137
kvinnor	april	1857	3832
kvinnor	april	1858	4057
kvinnor	april	1859	3782
kvinnor	april	1860	3048
kvinnor	april	1861	3387
kvinnor	april	1862	4308
kvinnor	april	1863	3777
kvinnor	april	1864	3676
kvinnor	april	1865	3351
kvinnor	april	1866	3590
kvinnor	april	1867	4007
kvinnor	april	1868	3747
kvinnor	april	1869	4811
kvinnor	april	1870	3925
kvinnor	april	1871	3332
kvinnor	april	1872	3134
kvinnor	april	1873	3482
kvinnor	april	1874	4087
kvinnor	april	1875	3964
kvinnor	april	1876	3627
kvinnor	april	1877	3753
kvinnor	april	1878	3757
kvinnor	april	1879	3760
kvinnor	april	1880	3810
kvinnor	april	1881	3806
kvinnor	april	1882	3740
kvinnor	april	1883	4036
kvinnor	april	1884	3846
kvinnor	april	1885	3908
kvinnor	april	1886	3364
kvinnor	april	1887	3571
kvinnor	april	1888	3431
kvinnor	april	1889	3555
kvinnor	april	1890	3536
kvinnor	april	1891	4066
kvinnor	april	1892	3839
kvinnor	april	1893	3527
kvinnor	april	1894	3361
kvinnor	april	1895	3692
kvinnor	april	1896	3597
kvinnor	april	1897	3776
kvinnor	april	1898	3568
kvinnor	april	1899	4350
kvinnor	april	1900	4748
kvinnor	april	1901	4213
kvinnor	april	1902	4101
kvinnor	april	1903	3824
kvinnor	april	1904	3650
kvinnor	april	1905	3890
kvinnor	april	1906	3586
kvinnor	april	1907	3683
kvinnor	april	1908	3676
kvinnor	april	1909	3510
kvinnor	april	1910	4016
kvinnor	april	1911	3669
kvinnor	april	1912	3817
kvinnor	april	1913	3544
kvinnor	april	1914	3526
kvinnor	april	1915	3859
kvinnor	april	1916	3828
kvinnor	april	1917	3606
kvinnor	april	1918	3107
kvinnor	april	1919	4036
kvinnor	april	1920	3712
kvinnor	april	1921	3494
kvinnor	april	1922	3548
kvinnor	april	1923	3073
kvinnor	april	1924	3434
kvinnor	april	1925	3436
kvinnor	april	1926	3449
kvinnor	april	1927	3381
kvinnor	april	1928	3465
kvinnor	april	1929	3533
kvinnor	april	1930	3210
kvinnor	april	1931	3348
kvinnor	april	1932	3607
kvinnor	april	1933	3201
kvinnor	april	1934	3258
kvinnor	april	1935	3296
kvinnor	april	1936	3659
kvinnor	april	1937	3490
kvinnor	april	1938	3259
kvinnor	april	1939	4034
kvinnor	april	1940	3317
kvinnor	april	1941	3240
kvinnor	april	1942	2894
kvinnor	april	1943	3132
kvinnor	april	1944	3254
kvinnor	april	1945	3191
kvinnor	april	1946	3076
kvinnor	april	1947	2965
kvinnor	april	1948	2872
kvinnor	april	1949	3026
kvinnor	april	1950	2855
kvinnor	april	1951	3007
kvinnor	april	1952	2920
kvinnor	april	1953	3059
kvinnor	april	1954	2983
kvinnor	april	1955	2960
kvinnor	april	1956	2971
kvinnor	april	1957	2942
kvinnor	april	1958	3051
kvinnor	april	1959	2977
kvinnor	april	1960	2941
kvinnor	april	1961	2931
kvinnor	april	1962	3190
kvinnor	april	1963	3113
kvinnor	april	1964	2956
kvinnor	april	1965	3142
kvinnor	april	1966	3010
kvinnor	april	1967	3079
kvinnor	april	1968	3087
kvinnor	april	1969	3306
kvinnor	april	1970	3076
kvinnor	april	1971	3050
kvinnor	april	1972	3038
kvinnor	april	1973	3192
kvinnor	april	1974	3453
kvinnor	april	1975	3330
kvinnor	april	1976	3493
kvinnor	april	1977	3514
kvinnor	april	1978	3121
kvinnor	april	1979	3528
kvinnor	april	1980	3443
kvinnor	april	1981	3419
kvinnor	april	1982	3481
kvinnor	april	1983	3439
kvinnor	april	1984	3559
kvinnor	april	1985	3558
kvinnor	april	1986	3583
kvinnor	april	1987	3628
kvinnor	april	1988	3915
kvinnor	april	1989	3547
kvinnor	april	1990	3815
kvinnor	april	1991	3768
kvinnor	april	1992	3800
kvinnor	april	1993	3862
kvinnor	april	1994	3433
kvinnor	april	1995	4047
kvinnor	april	1996	3729
kvinnor	april	1997	3728
kvinnor	april	1998	4006
kvinnor	april	1999	3849
kvinnor	april	2000	3904
kvinnor	april	2001	4135
kvinnor	april	2002	4147
kvinnor	april	2003	3902
kvinnor	april	2004	3695
kvinnor	april	2005	4086
kvinnor	april	2006	3714
kvinnor	april	2007	4069
kvinnor	april	2008	4115
kvinnor	april	2009	3871
kvinnor	april	2010	3882
kvinnor	april	2011	3832
kvinnor	april	2012	4006
kvinnor	april	2013	4049
kvinnor	april	2014	3795
kvinnor	april	2015	3946
kvinnor	april	2016	3870
kvinnor	april	2017	3961
kvinnor	april	2018	3972
kvinnor	april	2019	3766
kvinnor	maj	1851	3531
kvinnor	maj	1852	3693
kvinnor	maj	1853	3200
kvinnor	maj	1854	3046
kvinnor	maj	1855	3501
kvinnor	maj	1856	3995
kvinnor	maj	1857	3860
kvinnor	maj	1858	3474
kvinnor	maj	1859	3471
kvinnor	maj	1860	3009
kvinnor	maj	1861	3521
kvinnor	maj	1862	3527
kvinnor	maj	1863	3425
kvinnor	maj	1864	3712
kvinnor	maj	1865	3196
kvinnor	maj	1866	3599
kvinnor	maj	1867	3971
kvinnor	maj	1868	3570
kvinnor	maj	1869	4616
kvinnor	maj	1870	3532
kvinnor	maj	1871	3560
kvinnor	maj	1872	2771
kvinnor	maj	1873	3696
kvinnor	maj	1874	4426
kvinnor	maj	1875	3755
kvinnor	maj	1876	3942
kvinnor	maj	1877	3913
kvinnor	maj	1878	3727
kvinnor	maj	1879	3658
kvinnor	maj	1880	3748
kvinnor	maj	1881	3707
kvinnor	maj	1882	3433
kvinnor	maj	1883	3698
kvinnor	maj	1884	3746
kvinnor	maj	1885	3902
kvinnor	maj	1886	3639
kvinnor	maj	1887	3250
kvinnor	maj	1888	3306
kvinnor	maj	1889	3340
kvinnor	maj	1890	3219
kvinnor	maj	1891	4071
kvinnor	maj	1892	3613
kvinnor	maj	1893	3701
kvinnor	maj	1894	3289
kvinnor	maj	1895	3305
kvinnor	maj	1896	3505
kvinnor	maj	1897	3383
kvinnor	maj	1898	3494
kvinnor	maj	1899	4000
kvinnor	maj	1900	4754
kvinnor	maj	1901	3679
kvinnor	maj	1902	4087
kvinnor	maj	1903	3650
kvinnor	maj	1904	3558
kvinnor	maj	1905	3667
kvinnor	maj	1906	3423
kvinnor	maj	1907	3553
kvinnor	maj	1908	3620
kvinnor	maj	1909	3606
kvinnor	maj	1910	3540
kvinnor	maj	1911	3370
kvinnor	maj	1912	3775
kvinnor	maj	1913	3360
kvinnor	maj	1914	3407
kvinnor	maj	1915	3627
kvinnor	maj	1916	3504
kvinnor	maj	1917	3792
kvinnor	maj	1918	3203
kvinnor	maj	1919	3596
kvinnor	maj	1920	3536
kvinnor	maj	1921	3280
kvinnor	maj	1922	3319
kvinnor	maj	1923	3050
kvinnor	maj	1924	3380
kvinnor	maj	1925	3437
kvinnor	maj	1926	3228
kvinnor	maj	1927	3385
kvinnor	maj	1928	3427
kvinnor	maj	1929	3512
kvinnor	maj	1930	3292
kvinnor	maj	1931	3182
kvinnor	maj	1932	3485
kvinnor	maj	1933	3231
kvinnor	maj	1934	3172
kvinnor	maj	1935	3220
kvinnor	maj	1936	3316
kvinnor	maj	1937	3310
kvinnor	maj	1938	3473
kvinnor	maj	1939	3282
kvinnor	maj	1940	3180
kvinnor	maj	1941	3150
kvinnor	maj	1942	2704
kvinnor	maj	1943	2752
kvinnor	maj	1944	3082
kvinnor	maj	1945	3181
kvinnor	maj	1946	3032
kvinnor	maj	1947	3067
kvinnor	maj	1948	2889
kvinnor	maj	1949	2966
kvinnor	maj	1950	2954
kvinnor	maj	1951	2832
kvinnor	maj	1952	2801
kvinnor	maj	1953	2866
kvinnor	maj	1954	2824
kvinnor	maj	1955	2729
kvinnor	maj	1956	2871
kvinnor	maj	1957	2910
kvinnor	maj	1958	2971
kvinnor	maj	1959	2857
kvinnor	maj	1960	2878
kvinnor	maj	1961	3005
kvinnor	maj	1962	3082
kvinnor	maj	1963	2961
kvinnor	maj	1964	2958
kvinnor	maj	1965	2991
kvinnor	maj	1966	2896
kvinnor	maj	1967	3110
kvinnor	maj	1968	2960
kvinnor	maj	1969	2981
kvinnor	maj	1970	3096
kvinnor	maj	1971	3064
kvinnor	maj	1972	3075
kvinnor	maj	1973	3144
kvinnor	maj	1974	3242
kvinnor	maj	1975	3130
kvinnor	maj	1976	3221
kvinnor	maj	1977	3255
kvinnor	maj	1978	3373
kvinnor	maj	1979	3533
kvinnor	maj	1980	3502
kvinnor	maj	1981	3344
kvinnor	maj	1982	3507
kvinnor	maj	1983	3343
kvinnor	maj	1984	3574
kvinnor	maj	1985	3698
kvinnor	maj	1986	3357
kvinnor	maj	1987	3711
kvinnor	maj	1988	3959
kvinnor	maj	1989	3723
kvinnor	maj	1990	3840
kvinnor	maj	1991	3850
kvinnor	maj	1992	3709
kvinnor	maj	1993	3665
kvinnor	maj	1994	3667
kvinnor	maj	1995	3853
kvinnor	maj	1996	3802
kvinnor	maj	1997	3775
kvinnor	maj	1998	3747
kvinnor	maj	1999	3794
kvinnor	maj	2000	3797
kvinnor	maj	2001	4035
kvinnor	maj	2002	3952
kvinnor	maj	2003	3668
kvinnor	maj	2004	3893
kvinnor	maj	2005	3732
kvinnor	maj	2006	3895
kvinnor	maj	2007	3742
kvinnor	maj	2008	3889
kvinnor	maj	2009	3813
kvinnor	maj	2010	3843
kvinnor	maj	2011	3796
kvinnor	maj	2012	3834
kvinnor	maj	2013	3754
kvinnor	maj	2014	3767
kvinnor	maj	2015	3726
kvinnor	maj	2016	3614
kvinnor	maj	2017	3762
kvinnor	maj	2018	3447
kvinnor	maj	2019	3669
kvinnor	juni	1851	2736
kvinnor	juni	1852	2542
kvinnor	juni	1853	2452
kvinnor	juni	1854	2468
kvinnor	juni	1855	2643
kvinnor	juni	1856	2879
kvinnor	juni	1857	3066
kvinnor	juni	1858	2582
kvinnor	juni	1859	2505
kvinnor	juni	1860	2275
kvinnor	juni	1861	2530
kvinnor	juni	1862	2906
kvinnor	juni	1863	2958
kvinnor	juni	1864	3014
kvinnor	juni	1865	2943
kvinnor	juni	1866	2865
kvinnor	juni	1867	3113
kvinnor	juni	1868	2900
kvinnor	juni	1869	3650
kvinnor	juni	1870	3191
kvinnor	juni	1871	2763
kvinnor	juni	1872	2367
kvinnor	juni	1873	2649
kvinnor	juni	1874	3531
kvinnor	juni	1875	2941
kvinnor	juni	1876	3165
kvinnor	juni	1877	3241
kvinnor	juni	1878	3118
kvinnor	juni	1879	2770
kvinnor	juni	1880	3202
kvinnor	juni	1881	2853
kvinnor	juni	1882	2835
kvinnor	juni	1883	3053
kvinnor	juni	1884	3093
kvinnor	juni	1885	3109
kvinnor	juni	1886	2924
kvinnor	juni	1887	3013
kvinnor	juni	1888	2982
kvinnor	juni	1889	2840
kvinnor	juni	1890	2859
kvinnor	juni	1891	3324
kvinnor	juni	1892	2873
kvinnor	juni	1893	2980
kvinnor	juni	1894	3035
kvinnor	juni	1895	2886
kvinnor	juni	1896	3065
kvinnor	juni	1897	2932
kvinnor	juni	1898	3012
kvinnor	juni	1899	3316
kvinnor	juni	1900	3495
kvinnor	juni	1901	3027
kvinnor	juni	1902	3182
kvinnor	juni	1903	3219
kvinnor	juni	1904	3217
kvinnor	juni	1905	3203
kvinnor	juni	1906	3026
kvinnor	juni	1907	3146
kvinnor	juni	1908	3083
kvinnor	juni	1909	3163
kvinnor	juni	1910	3045
kvinnor	juni	1911	3067
kvinnor	juni	1912	3176
kvinnor	juni	1913	3049
kvinnor	juni	1914	3261
kvinnor	juni	1915	3286
kvinnor	juni	1916	3310
kvinnor	juni	1917	3167
kvinnor	juni	1918	2754
kvinnor	juni	1919	2812
kvinnor	juni	1920	3162
kvinnor	juni	1921	2909
kvinnor	juni	1922	2742
kvinnor	juni	1923	2836
kvinnor	juni	1924	2955
kvinnor	juni	1925	3008
kvinnor	juni	1926	2924
kvinnor	juni	1927	3050
kvinnor	juni	1928	3084
kvinnor	juni	1929	2985
kvinnor	juni	1930	3143
kvinnor	juni	1931	2929
kvinnor	juni	1932	2995
kvinnor	juni	1933	2888
kvinnor	juni	1934	2881
kvinnor	juni	1935	3262
kvinnor	juni	1936	3241
kvinnor	juni	1937	3006
kvinnor	juni	1938	2913
kvinnor	juni	1939	2954
kvinnor	juni	1940	2826
kvinnor	juni	1941	2744
kvinnor	juni	1942	2506
kvinnor	juni	1943	2509
kvinnor	juni	1944	2850
kvinnor	juni	1945	2891
kvinnor	juni	1946	2676
kvinnor	juni	1947	2882
kvinnor	juni	1948	2696
kvinnor	juni	1949	2732
kvinnor	juni	1950	2905
kvinnor	juni	1951	2706
kvinnor	juni	1952	2737
kvinnor	juni	1953	2827
kvinnor	juni	1954	2557
kvinnor	juni	1955	2631
kvinnor	juni	1956	2671
kvinnor	juni	1957	2754
kvinnor	juni	1958	2678
kvinnor	juni	1959	2767
kvinnor	juni	1960	2754
kvinnor	juni	1961	2783
kvinnor	juni	1962	2945
kvinnor	juni	1963	2659
kvinnor	juni	1964	2862
kvinnor	juni	1965	2808
kvinnor	juni	1966	3049
kvinnor	juni	1967	3058
kvinnor	juni	1968	3062
kvinnor	juni	1969	3120
kvinnor	juni	1970	2923
kvinnor	juni	1971	2985
kvinnor	juni	1972	3032
kvinnor	juni	1973	3172
kvinnor	juni	1974	3182
kvinnor	juni	1975	3342
kvinnor	juni	1976	3243
kvinnor	juni	1977	3093
kvinnor	juni	1978	3170
kvinnor	juni	1979	3250
kvinnor	juni	1980	3353
kvinnor	juni	1981	3185
kvinnor	juni	1982	3412
kvinnor	juni	1983	3231
kvinnor	juni	1984	3306
kvinnor	juni	1985	3380
kvinnor	juni	1986	3570
kvinnor	juni	1987	3539
kvinnor	juni	1988	3598
kvinnor	juni	1989	3561
kvinnor	juni	1990	3540
kvinnor	juni	1991	3742
kvinnor	juni	1992	3649
kvinnor	juni	1993	3591
kvinnor	juni	1994	3434
kvinnor	juni	1995	3524
kvinnor	juni	1996	3603
kvinnor	juni	1997	3647
kvinnor	juni	1998	3472
kvinnor	juni	1999	3525
kvinnor	juni	2000	3546
kvinnor	juni	2001	3902
kvinnor	juni	2002	3660
kvinnor	juni	2003	3543
kvinnor	juni	2004	3576
kvinnor	juni	2005	3686
kvinnor	juni	2006	3728
kvinnor	juni	2007	3700
kvinnor	juni	2008	3645
kvinnor	juni	2009	3487
kvinnor	juni	2010	3471
kvinnor	juni	2011	3452
kvinnor	juni	2012	3433
kvinnor	juni	2013	3484
kvinnor	juni	2014	3450
kvinnor	juni	2015	3497
kvinnor	juni	2016	3378
kvinnor	juni	2017	3468
kvinnor	juni	2018	3394
kvinnor	juni	2019	3351
kvinnor	juli	1851	2330
kvinnor	juli	1852	2546
kvinnor	juli	1853	2458
kvinnor	juli	1854	2141
kvinnor	juli	1855	2145
kvinnor	juli	1856	2485
kvinnor	juli	1857	2802
kvinnor	juli	1858	2394
kvinnor	juli	1859	2268
kvinnor	juli	1860	2049
kvinnor	juli	1861	2283
kvinnor	juli	1862	2897
kvinnor	juli	1863	2555
kvinnor	juli	1864	2643
kvinnor	juli	1865	2825
kvinnor	juli	1866	2750
kvinnor	juli	1867	2539
kvinnor	juli	1868	3205
kvinnor	juli	1869	2983
kvinnor	juli	1870	2615
kvinnor	juli	1871	2289
kvinnor	juli	1872	2532
kvinnor	juli	1873	2510
kvinnor	juli	1874	3201
kvinnor	juli	1875	2818
kvinnor	juli	1876	2923
kvinnor	juli	1877	2861
kvinnor	juli	1878	3052
kvinnor	juli	1879	2679
kvinnor	juli	1880	2807
kvinnor	juli	1881	2611
kvinnor	juli	1882	2787
kvinnor	juli	1883	2657
kvinnor	juli	1884	2776
kvinnor	juli	1885	2788
kvinnor	juli	1886	2947
kvinnor	juli	1887	2744
kvinnor	juli	1888	2673
kvinnor	juli	1889	3017
kvinnor	juli	1890	2642
kvinnor	juli	1891	2838
kvinnor	juli	1892	2715
kvinnor	juli	1893	2848
kvinnor	juli	1894	2658
kvinnor	juli	1895	2534
kvinnor	juli	1896	2766
kvinnor	juli	1897	2646
kvinnor	juli	1898	2720
kvinnor	juli	1899	3356
kvinnor	juli	1900	2988
kvinnor	juli	1901	3308
kvinnor	juli	1902	2883
kvinnor	juli	1903	2951
kvinnor	juli	1904	2959
kvinnor	juli	1905	2896
kvinnor	juli	1906	2854
kvinnor	juli	1907	2895
kvinnor	juli	1908	3034
kvinnor	juli	1909	2826
kvinnor	juli	1910	2734
kvinnor	juli	1911	2876
kvinnor	juli	1912	2926
kvinnor	juli	1913	2831
kvinnor	juli	1914	3311
kvinnor	juli	1915	2812
kvinnor	juli	1916	2981
kvinnor	juli	1917	2760
kvinnor	juli	1918	2617
kvinnor	juli	1919	2603
kvinnor	juli	1920	2789
kvinnor	juli	1921	2744
kvinnor	juli	1922	2656
kvinnor	juli	1923	2898
kvinnor	juli	1924	2833
kvinnor	juli	1925	3051
kvinnor	juli	1926	2830
kvinnor	juli	1927	2948
kvinnor	juli	1928	2914
kvinnor	juli	1929	2852
kvinnor	juli	1930	2823
kvinnor	juli	1931	2916
kvinnor	juli	1932	2965
kvinnor	juli	1933	2698
kvinnor	juli	1934	2861
kvinnor	juli	1935	2747
kvinnor	juli	1936	2728
kvinnor	juli	1937	2781
kvinnor	juli	1938	2897
kvinnor	juli	1939	2668
kvinnor	juli	1940	2617
kvinnor	juli	1941	2789
kvinnor	juli	1942	2376
kvinnor	juli	1943	2513
kvinnor	juli	1944	2858
kvinnor	juli	1945	2982
kvinnor	juli	1946	2685
kvinnor	juli	1947	2619
kvinnor	juli	1948	2726
kvinnor	juli	1949	2852
kvinnor	juli	1950	2707
kvinnor	juli	1951	2606
kvinnor	juli	1952	2596
kvinnor	juli	1953	2600
kvinnor	juli	1954	2519
kvinnor	juli	1955	2874
kvinnor	juli	1956	2659
kvinnor	juli	1957	2837
kvinnor	juli	1958	2662
kvinnor	juli	1959	2688
kvinnor	juli	1960	2630
kvinnor	juli	1961	2695
kvinnor	juli	1962	2866
kvinnor	juli	1963	2802
kvinnor	juli	1964	2970
kvinnor	juli	1965	2830
kvinnor	juli	1966	2938
kvinnor	juli	1967	3004
kvinnor	juli	1968	2974
kvinnor	juli	1969	3156
kvinnor	juli	1970	2796
kvinnor	juli	1971	3162
kvinnor	juli	1972	3352
kvinnor	juli	1973	3247
kvinnor	juli	1974	3045
kvinnor	juli	1975	3225
kvinnor	juli	1976	3186
kvinnor	juli	1977	3137
kvinnor	juli	1978	3287
kvinnor	juli	1979	3244
kvinnor	juli	1980	3374
kvinnor	juli	1981	3387
kvinnor	juli	1982	3543
kvinnor	juli	1983	3486
kvinnor	juli	1984	3353
kvinnor	juli	1985	3265
kvinnor	juli	1986	3390
kvinnor	juli	1987	3616
kvinnor	juli	1988	3588
kvinnor	juli	1989	3690
kvinnor	juli	1990	3735
kvinnor	juli	1991	3875
kvinnor	juli	1992	3708
kvinnor	juli	1993	3705
kvinnor	juli	1994	3907
kvinnor	juli	1995	3669
kvinnor	juli	1996	3584
kvinnor	juli	1997	3642
kvinnor	juli	1998	3715
kvinnor	juli	1999	3795
kvinnor	juli	2000	3816
kvinnor	juli	2001	3958
kvinnor	juli	2002	3907
kvinnor	juli	2003	3860
kvinnor	juli	2004	3726
kvinnor	juli	2005	3681
kvinnor	juli	2006	3887
kvinnor	juli	2007	3747
kvinnor	juli	2008	3734
kvinnor	juli	2009	3566
kvinnor	juli	2010	3744
kvinnor	juli	2011	3699
kvinnor	juli	2012	3676
kvinnor	juli	2013	3562
kvinnor	juli	2014	3810
kvinnor	juli	2015	3629
kvinnor	juli	2016	3706
kvinnor	juli	2017	3555
kvinnor	juli	2018	3747
kvinnor	juli	2019	3514
kvinnor	augusti	1851	2148
kvinnor	augusti	1852	2732
kvinnor	augusti	1853	3211
kvinnor	augusti	1854	2465
kvinnor	augusti	1855	2366
kvinnor	augusti	1856	2276
kvinnor	augusti	1857	3857
kvinnor	augusti	1858	2478
kvinnor	augusti	1859	2438
kvinnor	augusti	1860	2245
kvinnor	augusti	1861	2358
kvinnor	augusti	1862	2683
kvinnor	augusti	1863	2449
kvinnor	augusti	1864	2585
kvinnor	augusti	1865	2740
kvinnor	augusti	1866	3115
kvinnor	augusti	1867	2325
kvinnor	augusti	1868	3731
kvinnor	augusti	1869	2648
kvinnor	augusti	1870	2487
kvinnor	augusti	1871	2060
kvinnor	augusti	1872	2277
kvinnor	augusti	1873	2459
kvinnor	augusti	1874	2921
kvinnor	augusti	1875	2634
kvinnor	augusti	1876	2758
kvinnor	augusti	1877	2609
kvinnor	augusti	1878	2978
kvinnor	augusti	1879	2369
kvinnor	augusti	1880	2794
kvinnor	augusti	1881	2457
kvinnor	augusti	1882	2932
kvinnor	augusti	1883	2464
kvinnor	augusti	1884	2603
kvinnor	augusti	1885	2649
kvinnor	augusti	1886	2740
kvinnor	augusti	1887	2572
kvinnor	augusti	1888	2431
kvinnor	augusti	1889	2667
kvinnor	augusti	1890	2441
kvinnor	augusti	1891	2668
kvinnor	augusti	1892	2542
kvinnor	augusti	1893	2718
kvinnor	augusti	1894	2515
kvinnor	augusti	1895	2452
kvinnor	augusti	1896	2656
kvinnor	augusti	1897	2616
kvinnor	augusti	1898	2544
kvinnor	augusti	1899	3037
kvinnor	augusti	1900	2717
kvinnor	augusti	1901	2949
kvinnor	augusti	1902	2593
kvinnor	augusti	1903	2700
kvinnor	augusti	1904	2669
kvinnor	augusti	1905	2866
kvinnor	augusti	1906	2826
kvinnor	augusti	1907	2645
kvinnor	augusti	1908	2902
kvinnor	augusti	1909	2595
kvinnor	augusti	1910	2613
kvinnor	augusti	1911	2805
kvinnor	augusti	1912	2607
kvinnor	augusti	1913	2566
kvinnor	augusti	1914	2831
kvinnor	augusti	1915	2459
kvinnor	augusti	1916	2628
kvinnor	augusti	1917	2632
kvinnor	augusti	1918	2743
kvinnor	augusti	1919	2521
kvinnor	augusti	1920	2579
kvinnor	augusti	1921	2514
kvinnor	augusti	1922	2530
kvinnor	augusti	1923	2396
kvinnor	augusti	1924	2587
kvinnor	augusti	1925	2464
kvinnor	augusti	1926	2377
kvinnor	augusti	1927	2476
kvinnor	augusti	1928	2522
kvinnor	augusti	1929	2585
kvinnor	augusti	1930	2633
kvinnor	augusti	1931	2616
kvinnor	augusti	1932	2587
kvinnor	augusti	1933	2477
kvinnor	augusti	1934	2502
kvinnor	augusti	1935	2499
kvinnor	augusti	1936	2705
kvinnor	augusti	1937	2614
kvinnor	augusti	1938	2726
kvinnor	augusti	1939	2510
kvinnor	augusti	1940	2409
kvinnor	augusti	1941	2371
kvinnor	augusti	1942	2285
kvinnor	augusti	1943	2404
kvinnor	augusti	1944	2507
kvinnor	augusti	1945	2708
kvinnor	augusti	1946	2565
kvinnor	augusti	1947	2603
kvinnor	augusti	1948	2502
kvinnor	augusti	1949	2610
kvinnor	augusti	1950	2547
kvinnor	augusti	1951	2562
kvinnor	augusti	1952	2579
kvinnor	augusti	1953	2514
kvinnor	augusti	1954	2517
kvinnor	augusti	1955	2542
kvinnor	augusti	1956	2487
kvinnor	augusti	1957	2544
kvinnor	augusti	1958	2571
kvinnor	augusti	1959	2641
kvinnor	augusti	1960	2704
kvinnor	augusti	1961	2745
kvinnor	augusti	1962	2822
kvinnor	augusti	1963	2863
kvinnor	augusti	1964	2782
kvinnor	augusti	1965	2822
kvinnor	augusti	1966	2819
kvinnor	augusti	1967	2924
kvinnor	augusti	1968	3014
kvinnor	augusti	1969	3025
kvinnor	augusti	1970	2809
kvinnor	augusti	1971	2873
kvinnor	augusti	1972	2959
kvinnor	augusti	1973	3016
kvinnor	augusti	1974	3084
kvinnor	augusti	1975	3398
kvinnor	augusti	1976	3150
kvinnor	augusti	1977	3016
kvinnor	augusti	1978	3090
kvinnor	augusti	1979	3399
kvinnor	augusti	1980	3196
kvinnor	augusti	1981	3365
kvinnor	augusti	1982	3273
kvinnor	augusti	1983	3232
kvinnor	augusti	1984	3236
kvinnor	augusti	1985	3314
kvinnor	augusti	1986	3368
kvinnor	augusti	1987	3448
kvinnor	augusti	1988	3672
kvinnor	augusti	1989	3409
kvinnor	augusti	1990	3620
kvinnor	augusti	1991	3638
kvinnor	augusti	1992	3453
kvinnor	augusti	1993	3510
kvinnor	augusti	1994	3526
kvinnor	augusti	1995	3609
kvinnor	augusti	1996	3587
kvinnor	augusti	1997	3666
kvinnor	augusti	1998	3637
kvinnor	augusti	1999	3803
kvinnor	augusti	2000	3803
kvinnor	augusti	2001	3842
kvinnor	augusti	2002	3972
kvinnor	augusti	2003	3775
kvinnor	augusti	2004	3657
kvinnor	augusti	2005	3676
kvinnor	augusti	2006	3845
kvinnor	augusti	2007	3684
kvinnor	augusti	2008	3639
kvinnor	augusti	2009	3434
kvinnor	augusti	2010	3614
kvinnor	augusti	2011	3573
kvinnor	augusti	2012	3648
kvinnor	augusti	2013	3568
kvinnor	augusti	2014	3574
kvinnor	augusti	2015	3419
kvinnor	augusti	2016	3706
kvinnor	augusti	2017	3561
kvinnor	augusti	2018	3516
kvinnor	augusti	2019	3572
kvinnor	september	1851	2041
kvinnor	september	1852	2707
kvinnor	september	1853	4949
kvinnor	september	1854	3076
kvinnor	september	1855	2922
kvinnor	september	1856	2378
kvinnor	september	1857	7518
kvinnor	september	1858	2788
kvinnor	september	1859	2864
kvinnor	september	1860	2236
kvinnor	september	1861	2437
kvinnor	september	1862	2619
kvinnor	september	1863	2349
kvinnor	september	1864	2494
kvinnor	september	1865	2707
kvinnor	september	1866	3313
kvinnor	september	1867	2305
kvinnor	september	1868	3313
kvinnor	september	1869	2547
kvinnor	september	1870	2441
kvinnor	september	1871	2220
kvinnor	september	1872	2362
kvinnor	september	1873	2392
kvinnor	september	1874	2757
kvinnor	september	1875	2624
kvinnor	september	1876	2666
kvinnor	september	1877	2622
kvinnor	september	1878	2691
kvinnor	september	1879	2409
kvinnor	september	1880	2737
kvinnor	september	1881	2362
kvinnor	september	1882	2754
kvinnor	september	1883	2391
kvinnor	september	1884	2422
kvinnor	september	1885	2572
kvinnor	september	1886	2729
kvinnor	september	1887	2375
kvinnor	september	1888	2341
kvinnor	september	1889	2527
kvinnor	september	1890	2494
kvinnor	september	1891	2424
kvinnor	september	1892	2437
kvinnor	september	1893	2622
kvinnor	september	1894	2678
kvinnor	september	1895	2258
kvinnor	september	1896	2405
kvinnor	september	1897	2553
kvinnor	september	1898	2461
kvinnor	september	1899	2855
kvinnor	september	1900	2716
kvinnor	september	1901	2884
kvinnor	september	1902	2538
kvinnor	september	1903	2520
kvinnor	september	1904	2556
kvinnor	september	1905	2719
kvinnor	september	1906	2570
kvinnor	september	1907	2646
kvinnor	september	1908	2782
kvinnor	september	1909	2363
kvinnor	september	1910	2572
kvinnor	september	1911	2535
kvinnor	september	1912	2763
kvinnor	september	1913	2477
kvinnor	september	1914	2771
kvinnor	september	1915	2635
kvinnor	september	1916	2707
kvinnor	september	1917	2504
kvinnor	september	1918	3745
kvinnor	september	1919	2523
kvinnor	september	1920	2457
kvinnor	september	1921	2415
kvinnor	september	1922	2477
kvinnor	september	1923	2410
kvinnor	september	1924	2533
kvinnor	september	1925	2467
kvinnor	september	1926	2434
kvinnor	september	1927	2477
kvinnor	september	1928	2450
kvinnor	september	1929	2519
kvinnor	september	1930	2696
kvinnor	september	1931	2673
kvinnor	september	1932	2578
kvinnor	september	1933	2462
kvinnor	september	1934	2500
kvinnor	september	1935	2574
kvinnor	september	1936	2633
kvinnor	september	1937	2512
kvinnor	september	1938	2535
kvinnor	september	1939	2477
kvinnor	september	1940	2568
kvinnor	september	1941	2389
kvinnor	september	1942	2203
kvinnor	september	1943	2352
kvinnor	september	1944	2457
kvinnor	september	1945	2594
kvinnor	september	1946	2408
kvinnor	september	1947	2443
kvinnor	september	1948	2610
kvinnor	september	1949	2525
kvinnor	september	1950	2514
kvinnor	september	1951	2366
kvinnor	september	1952	2548
kvinnor	september	1953	2530
kvinnor	september	1954	2489
kvinnor	september	1955	2445
kvinnor	september	1956	2698
kvinnor	september	1957	2674
kvinnor	september	1958	2570
kvinnor	september	1959	2576
kvinnor	september	1960	2758
kvinnor	september	1961	2699
kvinnor	september	1962	2821
kvinnor	september	1963	2700
kvinnor	september	1964	2789
kvinnor	september	1965	2817
kvinnor	september	1966	2791
kvinnor	september	1967	2760
kvinnor	september	1968	2790
kvinnor	september	1969	2931
kvinnor	september	1970	2834
kvinnor	september	1971	2900
kvinnor	september	1972	2989
kvinnor	september	1973	2948
kvinnor	september	1974	2976
kvinnor	september	1975	2982
kvinnor	september	1976	3082
kvinnor	september	1977	3179
kvinnor	september	1978	3119
kvinnor	september	1979	3129
kvinnor	september	1980	3222
kvinnor	september	1981	3131
kvinnor	september	1982	3219
kvinnor	september	1983	3183
kvinnor	september	1984	3234
kvinnor	september	1985	3264
kvinnor	september	1986	3393
kvinnor	september	1987	3489
kvinnor	september	1988	3434
kvinnor	september	1989	3389
kvinnor	september	1990	3492
kvinnor	september	1991	3704
kvinnor	september	1992	3497
kvinnor	september	1993	3602
kvinnor	september	1994	3714
kvinnor	september	1995	3608
kvinnor	september	1996	3556
kvinnor	september	1997	3554
kvinnor	september	1998	3454
kvinnor	september	1999	3648
kvinnor	september	2000	3686
kvinnor	september	2001	3707
kvinnor	september	2002	3747
kvinnor	september	2003	3692
kvinnor	september	2004	3552
kvinnor	september	2005	3462
kvinnor	september	2006	3674
kvinnor	september	2007	3681
kvinnor	september	2008	3711
kvinnor	september	2009	3405
kvinnor	september	2010	3582
kvinnor	september	2011	3686
kvinnor	september	2012	3640
kvinnor	september	2013	3494
kvinnor	september	2014	3563
kvinnor	september	2015	3495
kvinnor	september	2016	3461
kvinnor	september	2017	3517
kvinnor	september	2018	3506
kvinnor	september	2019	3353
kvinnor	oktober	1851	2239
kvinnor	oktober	1852	2976
kvinnor	oktober	1853	3534
kvinnor	oktober	1854	3274
kvinnor	oktober	1855	3229
kvinnor	oktober	1856	2694
kvinnor	oktober	1857	5453
kvinnor	oktober	1858	3116
kvinnor	oktober	1859	3000
kvinnor	oktober	1860	2624
kvinnor	oktober	1861	2568
kvinnor	oktober	1862	3224
kvinnor	oktober	1863	2601
kvinnor	oktober	1864	3135
kvinnor	oktober	1865	3309
kvinnor	oktober	1866	3208
kvinnor	oktober	1867	2551
kvinnor	oktober	1868	3383
kvinnor	oktober	1869	2997
kvinnor	oktober	1870	3074
kvinnor	oktober	1871	2719
kvinnor	oktober	1872	2408
kvinnor	oktober	1873	2780
kvinnor	oktober	1874	2696
kvinnor	oktober	1875	3196
kvinnor	oktober	1876	3235
kvinnor	oktober	1877	3172
kvinnor	oktober	1878	2987
kvinnor	oktober	1879	2876
kvinnor	oktober	1880	3374
kvinnor	oktober	1881	2907
kvinnor	oktober	1882	3105
kvinnor	oktober	1883	2842
kvinnor	oktober	1884	2906
kvinnor	oktober	1885	2881
kvinnor	oktober	1886	3011
kvinnor	oktober	1887	2993
kvinnor	oktober	1888	3098
kvinnor	oktober	1889	2583
kvinnor	oktober	1890	2963
kvinnor	oktober	1891	2538
kvinnor	oktober	1892	2869
kvinnor	oktober	1893	2819
kvinnor	oktober	1894	2926
kvinnor	oktober	1895	2598
kvinnor	oktober	1896	2835
kvinnor	oktober	1897	2863
kvinnor	oktober	1898	3073
kvinnor	oktober	1899	3046
kvinnor	oktober	1900	2919
kvinnor	oktober	1901	2732
kvinnor	oktober	1902	3027
kvinnor	oktober	1903	2994
kvinnor	oktober	1904	3026
kvinnor	oktober	1905	3209
kvinnor	oktober	1906	2974
kvinnor	oktober	1907	2644
kvinnor	oktober	1908	2788
kvinnor	oktober	1909	2654
kvinnor	oktober	1910	2964
kvinnor	oktober	1911	3073
kvinnor	oktober	1912	3123
kvinnor	oktober	1913	2927
kvinnor	oktober	1914	2986
kvinnor	oktober	1915	2848
kvinnor	oktober	1916	3107
kvinnor	oktober	1917	2718
kvinnor	oktober	1918	8452
kvinnor	oktober	1919	3091
kvinnor	oktober	1920	2932
kvinnor	oktober	1921	2710
kvinnor	oktober	1922	2866
kvinnor	oktober	1923	2585
kvinnor	oktober	1924	2736
kvinnor	oktober	1925	2771
kvinnor	oktober	1926	2755
kvinnor	oktober	1927	2856
kvinnor	oktober	1928	3037
kvinnor	oktober	1929	2770
kvinnor	oktober	1930	2969
kvinnor	oktober	1931	2850
kvinnor	oktober	1932	2860
kvinnor	oktober	1933	2709
kvinnor	oktober	1934	2788
kvinnor	oktober	1935	2743
kvinnor	oktober	1936	2967
kvinnor	oktober	1937	2917
kvinnor	oktober	1938	2688
kvinnor	oktober	1939	2851
kvinnor	oktober	1940	2642
kvinnor	oktober	1941	2498
kvinnor	oktober	1942	2515
kvinnor	oktober	1943	2651
kvinnor	oktober	1944	2732
kvinnor	oktober	1945	2742
kvinnor	oktober	1946	2706
kvinnor	oktober	1947	2789
kvinnor	oktober	1948	2643
kvinnor	oktober	1949	2796
kvinnor	oktober	1950	2798
kvinnor	oktober	1951	2589
kvinnor	oktober	1952	2660
kvinnor	oktober	1953	2594
kvinnor	oktober	1954	2671
kvinnor	oktober	1955	2602
kvinnor	oktober	1956	2824
kvinnor	oktober	1957	3009
kvinnor	oktober	1958	2667
kvinnor	oktober	1959	2784
kvinnor	oktober	1960	2911
kvinnor	oktober	1961	2915
kvinnor	oktober	1962	2793
kvinnor	oktober	1963	2927
kvinnor	oktober	1964	2915
kvinnor	oktober	1965	2826
kvinnor	oktober	1966	2861
kvinnor	oktober	1967	3089
kvinnor	oktober	1968	3206
kvinnor	oktober	1969	3011
kvinnor	oktober	1970	3011
kvinnor	oktober	1971	3071
kvinnor	oktober	1972	3229
kvinnor	oktober	1973	3066
kvinnor	oktober	1974	3083
kvinnor	oktober	1975	3155
kvinnor	oktober	1976	3126
kvinnor	oktober	1977	3284
kvinnor	oktober	1978	3145
kvinnor	oktober	1979	3295
kvinnor	oktober	1980	3408
kvinnor	oktober	1981	3383
kvinnor	oktober	1982	3339
kvinnor	oktober	1983	3369
kvinnor	oktober	1984	3511
kvinnor	oktober	1985	3363
kvinnor	oktober	1986	3468
kvinnor	oktober	1987	3440
kvinnor	oktober	1988	3644
kvinnor	oktober	1989	3652
kvinnor	oktober	1990	3699
kvinnor	oktober	1991	3615
kvinnor	oktober	1992	3738
kvinnor	oktober	1993	3688
kvinnor	oktober	1994	3676
kvinnor	oktober	1995	3762
kvinnor	oktober	1996	3753
kvinnor	oktober	1997	3824
kvinnor	oktober	1998	3842
kvinnor	oktober	1999	3846
kvinnor	oktober	2000	3720
kvinnor	oktober	2001	3892
kvinnor	oktober	2002	4188
kvinnor	oktober	2003	3901
kvinnor	oktober	2004	3855
kvinnor	oktober	2005	3635
kvinnor	oktober	2006	3863
kvinnor	oktober	2007	3909
kvinnor	oktober	2008	3761
kvinnor	oktober	2009	3777
kvinnor	oktober	2010	3849
kvinnor	oktober	2011	3940
kvinnor	oktober	2012	3844
kvinnor	oktober	2013	3649
kvinnor	oktober	2014	3740
kvinnor	oktober	2015	3638
kvinnor	oktober	2016	3758
kvinnor	oktober	2017	3863
kvinnor	oktober	2018	3723
kvinnor	oktober	2019	3719
kvinnor	november	1851	2852
kvinnor	november	1852	3686
kvinnor	november	1853	2993
kvinnor	november	1854	3170
kvinnor	november	1855	3333
kvinnor	november	1856	3587
kvinnor	november	1857	3715
kvinnor	november	1858	3291
kvinnor	november	1859	2941
kvinnor	november	1860	2943
kvinnor	november	1861	2959
kvinnor	november	1862	3502
kvinnor	november	1863	2938
kvinnor	november	1864	3562
kvinnor	november	1865	3147
kvinnor	november	1866	3401
kvinnor	november	1867	3206
kvinnor	november	1868	3679
kvinnor	november	1869	3462
kvinnor	november	1870	3097
kvinnor	november	1871	3013
kvinnor	november	1872	2730
kvinnor	november	1873	3261
kvinnor	november	1874	3536
kvinnor	november	1875	3596
kvinnor	november	1876	3916
kvinnor	november	1877	3183
kvinnor	november	1878	3266
kvinnor	november	1879	3246
kvinnor	november	1880	3777
kvinnor	november	1881	3176
kvinnor	november	1882	3430
kvinnor	november	1883	3143
kvinnor	november	1884	3426
kvinnor	november	1885	3521
kvinnor	november	1886	3150
kvinnor	november	1887	3234
kvinnor	november	1888	3245
kvinnor	november	1889	2993
kvinnor	november	1890	3171
kvinnor	november	1891	3238
kvinnor	november	1892	3159
kvinnor	november	1893	3255
kvinnor	november	1894	3037
kvinnor	november	1895	3023
kvinnor	november	1896	3350
kvinnor	november	1897	2948
kvinnor	november	1898	3059
kvinnor	november	1899	3128
kvinnor	november	1900	3088
kvinnor	november	1901	3335
kvinnor	november	1902	3118
kvinnor	november	1903	2941
kvinnor	november	1904	3291
kvinnor	november	1905	3190
kvinnor	november	1906	2942
kvinnor	november	1907	3034
kvinnor	november	1908	3399
kvinnor	november	1909	3021
kvinnor	november	1910	3288
kvinnor	november	1911	2934
kvinnor	november	1912	3319
kvinnor	november	1913	2890
kvinnor	november	1914	3123
kvinnor	november	1915	3276
kvinnor	november	1916	2919
kvinnor	november	1917	2783
kvinnor	november	1918	8363
kvinnor	november	1919	3833
kvinnor	november	1920	3028
kvinnor	november	1921	3100
kvinnor	november	1922	3141
kvinnor	november	1923	2759
kvinnor	november	1924	2988
kvinnor	november	1925	2751
kvinnor	november	1926	2842
kvinnor	november	1927	2938
kvinnor	november	1928	2862
kvinnor	november	1929	2823
kvinnor	november	1930	3027
kvinnor	november	1931	2881
kvinnor	november	1932	2806
kvinnor	november	1933	2736
kvinnor	november	1934	2804
kvinnor	november	1935	2840
kvinnor	november	1936	2887
kvinnor	november	1937	2975
kvinnor	november	1938	2806
kvinnor	november	1939	2747
kvinnor	november	1940	2728
kvinnor	november	1941	2615
kvinnor	november	1942	2443
kvinnor	november	1943	2858
kvinnor	november	1944	2850
kvinnor	november	1945	2727
kvinnor	november	1946	2933
kvinnor	november	1947	2997
kvinnor	november	1948	2557
kvinnor	november	1949	2770
kvinnor	november	1950	2841
kvinnor	november	1951	2641
kvinnor	november	1952	2678
kvinnor	november	1953	2674
kvinnor	november	1954	2581
kvinnor	november	1955	2575
kvinnor	november	1956	2713
kvinnor	november	1957	3077
kvinnor	november	1958	2703
kvinnor	november	1959	2810
kvinnor	november	1960	2948
kvinnor	november	1961	2978
kvinnor	november	1962	2900
kvinnor	november	1963	2920
kvinnor	november	1964	3020
kvinnor	november	1965	2963
kvinnor	november	1966	2991
kvinnor	november	1967	3054
kvinnor	november	1968	2966
kvinnor	november	1969	3026
kvinnor	november	1970	3007
kvinnor	november	1971	3156
kvinnor	november	1972	3106
kvinnor	november	1973	3184
kvinnor	november	1974	3093
kvinnor	november	1975	3113
kvinnor	november	1976	3234
kvinnor	november	1977	3271
kvinnor	november	1978	3265
kvinnor	november	1979	3378
kvinnor	november	1980	3392
kvinnor	november	1981	3406
kvinnor	november	1982	3322
kvinnor	november	1983	3305
kvinnor	november	1984	3363
kvinnor	november	1985	3634
kvinnor	november	1986	3511
kvinnor	november	1987	3457
kvinnor	november	1988	3750
kvinnor	november	1989	3484
kvinnor	november	1990	3846
kvinnor	november	1991	3793
kvinnor	november	1992	3783
kvinnor	november	1993	3846
kvinnor	november	1994	3720
kvinnor	november	1995	3834
kvinnor	november	1996	3689
kvinnor	november	1997	3636
kvinnor	november	1998	3999
kvinnor	november	1999	3849
kvinnor	november	2000	3821
kvinnor	november	2001	3936
kvinnor	november	2002	4045
kvinnor	november	2003	3758
kvinnor	november	2004	3789
kvinnor	november	2005	3676
kvinnor	november	2006	3907
kvinnor	november	2007	3943
kvinnor	november	2008	3865
kvinnor	november	2009	3768
kvinnor	november	2010	3833
kvinnor	november	2011	3679
kvinnor	november	2012	3750
kvinnor	november	2013	3766
kvinnor	november	2014	3735
kvinnor	november	2015	3731
kvinnor	november	2016	3871
kvinnor	november	2017	3785
kvinnor	november	2018	3555
kvinnor	november	2019	3805
kvinnor	december	1851	2980
kvinnor	december	1852	3432
kvinnor	december	1853	2971
kvinnor	december	1854	2868
kvinnor	december	1855	3884
kvinnor	december	1856	3659
kvinnor	december	1857	4119
kvinnor	december	1858	3139
kvinnor	december	1859	3223
kvinnor	december	1860	3396
kvinnor	december	1861	3193
kvinnor	december	1862	4024
kvinnor	december	1863	3337
kvinnor	december	1864	3502
kvinnor	december	1865	3386
kvinnor	december	1866	3690
kvinnor	december	1867	3973
kvinnor	december	1868	4464
kvinnor	december	1869	3613
kvinnor	december	1870	3825
kvinnor	december	1871	3297
kvinnor	december	1872	3299
kvinnor	december	1873	3444
kvinnor	december	1874	4090
kvinnor	december	1875	4136
kvinnor	december	1876	4315
kvinnor	december	1877	3559
kvinnor	december	1878	3715
kvinnor	december	1879	3936
kvinnor	december	1880	3940
kvinnor	december	1881	3228
kvinnor	december	1882	3875
kvinnor	december	1883	3520
kvinnor	december	1884	4345
kvinnor	december	1885	3697
kvinnor	december	1886	3590
kvinnor	december	1887	3458
kvinnor	december	1888	3305
kvinnor	december	1889	4098
kvinnor	december	1890	3905
kvinnor	december	1891	3564
kvinnor	december	1892	3767
kvinnor	december	1893	4204
kvinnor	december	1894	3632
kvinnor	december	1895	3352
kvinnor	december	1896	3924
kvinnor	december	1897	3316
kvinnor	december	1898	3612
kvinnor	december	1899	3806
kvinnor	december	1900	3326
kvinnor	december	1901	3637
kvinnor	december	1902	3815
kvinnor	december	1903	3404
kvinnor	december	1904	3558
kvinnor	december	1905	3410
kvinnor	december	1906	3500
kvinnor	december	1907	3553
kvinnor	december	1908	3257
kvinnor	december	1909	3252
kvinnor	december	1910	3558
kvinnor	december	1911	3181
kvinnor	december	1912	3352
kvinnor	december	1913	3426
kvinnor	december	1914	3794
kvinnor	december	1915	3735
kvinnor	december	1916	3408
kvinnor	december	1917	3232
kvinnor	december	1918	6784
kvinnor	december	1919	3724
kvinnor	december	1920	3528
kvinnor	december	1921	3292
kvinnor	december	1922	3249
kvinnor	december	1923	3201
kvinnor	december	1924	2965
kvinnor	december	1925	3464
kvinnor	december	1926	3102
kvinnor	december	1927	3345
kvinnor	december	1928	3285
kvinnor	december	1929	2994
kvinnor	december	1930	3434
kvinnor	december	1931	3143
kvinnor	december	1932	2978
kvinnor	december	1933	3200
kvinnor	december	1934	3250
kvinnor	december	1935	3129
kvinnor	december	1936	3223
kvinnor	december	1937	3386
kvinnor	december	1938	2970
kvinnor	december	1939	3151
kvinnor	december	1940	2904
kvinnor	december	1941	2703
kvinnor	december	1942	2685
kvinnor	december	1943	3166
kvinnor	december	1944	3144
kvinnor	december	1945	3185
kvinnor	december	1946	3232
kvinnor	december	1947	3125
kvinnor	december	1948	2815
kvinnor	december	1949	3107
kvinnor	december	1950	3346
kvinnor	december	1951	2776
kvinnor	december	1952	3244
kvinnor	december	1953	2922
kvinnor	december	1954	2928
kvinnor	december	1955	2929
kvinnor	december	1956	2945
kvinnor	december	1957	3238
kvinnor	december	1958	2963
kvinnor	december	1959	3077
kvinnor	december	1960	3082
kvinnor	december	1961	3359
kvinnor	december	1962	3151
kvinnor	december	1963	3132
kvinnor	december	1964	3080
kvinnor	december	1965	3352
kvinnor	december	1966	3335
kvinnor	december	1967	3275
kvinnor	december	1968	3365
kvinnor	december	1969	3614
kvinnor	december	1970	3228
kvinnor	december	1971	3920
kvinnor	december	1972	3479
kvinnor	december	1973	3770
kvinnor	december	1974	3446
kvinnor	december	1975	3546
kvinnor	december	1976	3556
kvinnor	december	1977	3721
kvinnor	december	1978	3795
kvinnor	december	1979	3816
kvinnor	december	1980	3948
kvinnor	december	1981	4026
kvinnor	december	1982	3661
kvinnor	december	1983	3732
kvinnor	december	1984	3761
kvinnor	december	1985	3912
kvinnor	december	1986	3942
kvinnor	december	1987	3930
kvinnor	december	1988	5153
kvinnor	december	1989	4126
kvinnor	december	1990	4398
kvinnor	december	1991	4072
kvinnor	december	1992	4109
kvinnor	december	1993	5582
kvinnor	december	1994	4086
kvinnor	december	1995	4621
kvinnor	december	1996	4329
kvinnor	december	1997	3960
kvinnor	december	1998	4400
kvinnor	december	1999	4521
kvinnor	december	2000	4178
kvinnor	december	2001	4321
kvinnor	december	2002	4589
kvinnor	december	2003	4356
kvinnor	december	2004	4330
kvinnor	december	2005	4162
kvinnor	december	2006	4153
kvinnor	december	2007	4315
kvinnor	december	2008	4453
kvinnor	december	2009	3987
kvinnor	december	2010	4400
kvinnor	december	2011	4195
kvinnor	december	2012	4401
kvinnor	december	2013	4120
kvinnor	december	2014	4260
kvinnor	december	2015	4080
kvinnor	december	2016	4379
kvinnor	december	2017	4228
kvinnor	december	2018	4091
kvinnor	december	2019	3997
